"","Ticker","SEC_Company_ID"
"1","CAC",750686
"2","PIH",1591890
"3","MIDD",769520
"4","QSEP",1103795
"5","INSY",1516479
"6","GNTY",1058867
"7","XRM",1287151
"8","NVUS",1404281
"9","ZN",1131312
"15","ATLO",1132651
"16","WEX",1309108
"17","STKL",351834
"18","HEB",946644
"19","DK",1351541
"20","BBY",764478
"21","TOCA",1419041
"22","SEMG",1489136
"23","YELP",1345016
"25","COHU",21535
"26","PUMP",1680247
"27","ABBV",1551152
"28","SQ",1512673
"29","EGRX",827871
"30","ORI",74260
"31","FMBI",702325
"32","FPI",1591670
"33","CI",701221
"34","UCTT",1275014
"37","RMTI",1041024
"38","RMBL",1596961
"39","CBL",910612
"40","FNRN",1114927
"41","EFSC",1025835
"42","SGC",95574
"43","FBM",1688941
"50","CUTR",1162461
"51","BID",823094
"52","BKH",1130464
"53","MIC",1289790
"54","PACW",1102112
"55","DFBG",844143
"56","ELY",837465
"57","CSV",1016281
"58","JANL",1133062
"59","KRP",1657788
"60","DCO",30305
"61","RWC",2186
"62","TXN",97476
"63","TSC",1380846
"64","ABT",1800
"65","CPIX",1087294
"66","PCAR",75362
"75","MUSA",1573516
"76","CVLY",806279
"77","FCCO",932781
"78","CECE",3197
"79","RAVE",718332
"80","EDGW",1017968
"82","QURE",1590560
"83","SHAK",1620533
"84","AEP",4904
"85","PMTS",1641614
"86","HRC",47518
"87","GEN",1351051
"88","WBT",1650962
"89","PE",1594466
"90","RTIX",1100441
"91","NBHC",1475841
"92","CME",1156375
"93","EFOI",924168
"94","PQ",872248
"95","GRUB",1594109
"96","LMNR",1342423
"97","EQR",906107
"99","HII",1501585
"100","NSC",702165
"101","SGMO",1001233
"102","FTR",20520
"104","BA",12927
"105","ANDV",50104
"106","CHS",897429
"107","MXIM",743316
"108","EMCI",356130
"109","NWIN",919864
"110","SNES",1680378
"111","IIPR",1677576
"112","ALGN",1097149
"113","WFC",72971
"115","NLY",1043219
"116","WLTW",1140536
"118","CRD-B",25475
"120","GOLF",1672013
"121","QTNA",1370702
"122","XOM",34088
"123","CLF",764065
"124","RARX",1481512
"125","SHW",89800
"126","SHOS",1548309
"127","CRL",1100682
"128","AVCO",1630212
"129","MATN",908259
"130","DE",315189
"132","QCOM",804328
"133","UHAL",4457
"134","SYBT",835324
"135","EXPO",851520
"136","ILDO",1529628
"138","TWMC",795212
"139","EMR",32604
"140","AVAV",1368622
"141","WBC",1390844
"142","FFBC",708955
"143","TWNK",1644406
"144","MCD",63908
"145","WAAS",1422841
"146","AA",1675149
"147","KORS",1530721
"148","BKEP",1392091
"149","YUMC",1673358
"150","DPW",896493
"153","VVV",1674910
"157","OBLN",1427570
"158","NTNX",1618732
"159","BSRR",1130144
"162","LNG",3570
"164","WASH",737468
"165","CSTR",1676479
"171","GE",40545
"172","CMPR",1262976
"173","FISV",798354
"174","SPGI",64040
"175","PKI",31791
"176","BWINB",9346
"177","CBB",716133
"178","TSE",1519061
"179","EVLV",870826
"180","AAP",1158449
"181","ICBK",1470205
"184","LDOS",1336920
"193","WSFS",828944
"194","AIRG",1272842
"196","CRSP",1674416
"197","CMS",811156
"199","FLOW",1641991
"200","FLT",1175454
"201","MC",1596967
"202","LOV",1314475
"204","AVY",8818
"205","GRPN",1490281
"206","ATOM",1420520
"207","ESSA",1382230
"208","FLDM",1162194
"209","CAVM",1175609
"212","HCA",860730
"213","BSTG",1563665
"214","EBF",33002
"215","FHB",36377
"217","MS",895421
"218","CLFD",796505
"219","SAM",949870
"220","UMBF",101382
"221","MRLN",1260968
"222","MA",1141391
"223","MTSC",68709
"224","EMMS",783005
"225","EMN",915389
"226","BOLD",1628738
"227","FFIN",36029
"228","KDMN",1557142
"229","KODK",31235
"230","FCCY",1141807
"231","GTE",1273441
"234","PFE",78003
"235","CTRL",1259515
"236","TPIC",1455684
"238","CLB",1000229
"239","CBSH",22356
"240","ANCX",1176316
"241","AGRX",1261249
"242","ERII",1421517
"243","BOCH",702513
"244","PI",1114995
"245","MEDP",1668397
"247","AINV",1278752
"248","VG",1272830
"249","STT",93751
"254","APA",6769
"255","MPAA",918251
"256","FISI",862831
"257","VRSK",1442145
"258","CC",1627223
"259","MCO",1059556
"260","INOD",903651
"261","GDDY",1609711
"263","WEN",30697
"264","CLRB",1279704
"266","FAST",815556
"267","SPKE",1606268
"268","CBAN",711669
"270","BHB",743367
"273","GT",42582
"275","ARCC",1287750
"276","OZRK",1038205
"277","DUK",1326160
"279","AMD",2488
"280","MNKD",899460
"281","ARW",7536
"283","ZEN",1463172
"284","CINF",20286
"286","UFCS",101199
"288","KELYA",55135
"290","GEMP",1638287
"292","NTN",748592
"293","FEYE",1370880
"294","CLIR",1434524
"295","VSLR",1607716
"296","NI",1111711
"297","RM",1519401
"298","HXL",717605
"299","AMED",896262
"300","K",55067
"301","SJM",91419
"302","LIFE",1339970
"303","PSDO",1631825
"304","HAL",45012
"305","JNJ",200406
"307","OSBC",357173
"309","ADUS",1468328
"310","AVID",896841
"311","V",1403161
"312","ETR",65984
"313","CCNE",736772
"314","GLAE",1014111
"315","HON",773840
"316","FLIR",354908
"317","CIVB",944745
"318","ROK",1024478
"319","ANET",1596532
"320","SBCF",730708
"321","MSBI",1466026
"322","AJX",1614806
"323","KMPH",1434647
"324","CPSS",889609
"325","POL",1122976
"326","PFSW",1095315
"327","MODN",1118417
"328","MSM",1003078
"329","PEP",77476
"330","TTD",1671933
"331","BKSC",1007273
"333","MITK",807863
"334","WCG",1279363
"340","OCC",1000230
"341","LNN",836157
"342","RRR",1653653
"343","DCI",29644
"344","LNC",59558
"345","CHMI",1571776
"349","SYK",310764
"351","NTLA",1652130
"352","BRKS",933974
"353","IRM",1020569
"354","FOXF",1424929
"355","EBTC",1018399
"357","MN",1524223
"358","STRM",1008586
"359","EIGR",1305253
"361","KEY",91576
"362","WLFC",1018164
"363","ESNT",1448893
"364","AKBA",1517022
"365","CNC",1071739
"367","ICUI",883984
"370","SIG",832988
"371","PG",80424
"373","DTE",936340
"374","LTRX",1114925
"375","PBPB",1195734
"376","TCRD",1464963
"378","VR",1348259
"379","SN",1528837
"381","VIRC",751365
"382","CBAK",1117171
"385","MGI",1273931
"387","TEL",1385157
"388","ASPN",1145986
"391","PEN",1321732
"392","NWN",73020
"393","NOC",1133421
"394","EWBC",1069157
"396","CLH",822818
"397","BUSE",314489
"399","BLK",1364742
"400","HZNP",1492426
"401","FBSS",1083643
"402","GRA",1045309
"403","BFS",907254
"404","SIX",701374
"407","HHS",45919
"408","REPH",1588972
"410","CZNC",810958
"413","PIOE",1044435
"414","WAT",1000697
"415","TNET",937098
"416","GNC",1502034
"417","JNPR",1043604
"419","RLI",84246
"420","HMSY",1196501
"422","UFPI",912767
"424","UPS",1090727
"425","MPW",1287865
"426","SFLY",1125920
"427","FREVS",36840
"429","GPC",40987
"431","GATX",40211
"432","LUV",92380
"433","PGR",80661
"436","ILMN",1110803
"437","TXRH",1289460
"438","TRMB",864749
"439","LPLA",1397911
"440","AGNC",1423689
"442","TRST",357301
"444","PJC",1230245
"445","BGNE",1651308
"447","URI",1067701
"448","AVNW",1377789
"450","NS",1110805
"451","CET",18748
"452","TST",1080056
"453","GEO",923796
"455","CLSD",1539029
"456","CR",25445
"458","GSAT",1366868
"459","NBY",1389545
"460","CPSI",1169445
"461","HEWA",754813
"462","WSTL",1002135
"463","LENS",1591096
"465","ISR",728387
"466","ELVT",1651094
"467","INT",789460
"471","TRU",1552033
"473","CHCI",1299969
"475","CARB",1340127
"476","RMAX",1581091
"477","WHLR",1527541
"478","SCL",94049
"479","ACLZ",1352952
"480","ETH",896156
"481","PBI",78814
"484","CHRW",1043277
"485","LJPC",920465
"486","EML",31107
"487","BBT",92230
"489","LTRPA",1606745
"491","BPMC",1597264
"492","EME",105634
"494","ORRF",826154
"495","FFKT",713095
"496","FSP",1031316
"497","BDSI",1103021
"498","ACHN",1070336
"499","TROW",1113169
"500","TPR",1116132
"501","CCNI",1140102
"502","TTMI",1116942
"503","RETA",1358762
"504","CP",16875
"505","INTL",913760
"506","BFAM",1437578
"507","IDA",1057877
"509","CBS",813828
"511","AAPL",320193
"512","TWO",1465740
"514","ADAP",1621227
"517","CHD",313927
"518","AZO",866787
"519","ADSK",769397
"520","FNB",37808
"523","VRTX",875320
"524","DXTR",1178104
"525","DISH",1001082
"526","CSFL",1102266
"527","CIT",1171825
"528","RPT",842183
"529","MSA",66570
"530","FNSR",1094739
"532","NWL",814453
"533","CSGP",1057352
"536","MDLZ",1103982
"538","F",37996
"539","SIRI",908937
"540","ANGI",1491778
"541","OCSL",1414932
"543","VC",1111335
"544","ARE",1035443
"546","UGI",884614
"548","BKYI",1019034
"549","FGP",922358
"551","YUM",1041061
"553","CRTO",1576427
"556","PF",1564822
"560","OSTK",1130713
"561","HGEN",1293310
"563","AVA",104918
"564","FRSH",1592379
"565","YECO",1607741
"566","AMTD",1173431
"568","TRGP",1389170
"569","FSS",277509
"570","ANTM",1156039
"571","NK",1326110
"572","SYNT",1040426
"574","THST",1564709
"576","QHC",1650445
"577","MTCH",1575189
"579","AFL",4977
"581","WRLD",108385
"588","STFC",874977
"591","NJR",356309
"593","EDIT",1650664
"595","MTH",833079
"596","BKD",1332349
"600","WVE",1631574
"602","STI",750556
"603","EMGC",1494448
"605","FCPT",1650132
"607","INST",1355754
"610","EQBK",1227500
"611","HBAN",49196
"613","ITGR",1114483
"614","TRUP",1371285
"615","BHLB",1108134
"618","SCHW",316709
"619","CECO",1046568
"620","GLDD",1372020
"623","DNKN",1357204
"624","TUP",1008654
"625","MSI",68505
"626","SXC",1514705
"630","HPQ",47217
"631","unf",717954
"632","SCYX",1178253
"633","TDG",1260221
"634","MGPI",835011
"635","RAS",1045425
"636","KOSS",56701
"637","SRCE",34782
"639","NAUH",1399855
"640","CYTX",1095981
"642","FDC",883980
"643","MSCI",1408198
"644","CLUB",1281774
"645","ELGX",1013606
"646","DSS",771999
"647","IOTS",1395848
"650","VICR",751978
"651","MYOK",1552451
"652","FBHS",1519751
"653","ACRS",1557746
"659","OSK",775158
"661","HAE",313143
"662","ZSAN",1587221
"666","AKAO",1301501
"667","NVCR",1645113
"670","ESS",920522
"679","CCOI",1158324
"680","FBC",1033012
"681","ABTX",1642081
"684","ATAX",1059142
"685","PRU",1137774
"686","VSAT",797721
"687","BSF",1006424
"688","HAFC",1109242
"689","JACK",807882
"691","CPF",701347
"694","TAX",1528930
"695","COR",1490892
"698","ECPG",1084961
"699","APLL",1040721
"700","BOTJ",1275101
"702","SHOO",913241
"704","EDGE",1472091
"707","NUS",1021561
"708","RDUS",1428522
"709","VNCE",1579157
"710","EPR",1045450
"711","RGNX",1590877
"713","PH",76334
"715","CMA",28412
"716","ITW",49826
"718","VRA",1495320
"719","MAT",63276
"721","ISBA",842517
"722","PSTG",1474432
"723","NYMX",1018735
"724","LMAT",1158895
"725","FENX",1615153
"726","UNH",731766
"727","TIF",98246
"729","AABA",1011006
"730","GNTX",355811
"731","RRTS",1440024
"736","PTX",1024126
"738","CTHR",1015155
"739","OTIV",1021604
"743","INWK",1350381
"744","HZN",1637655
"745","VIVO",794172
"746","BKU",1504008
"749","MOG-A",67887
"752","OII",73756
"753","TSLA",1318605
"755","GPRE",1309402
"756","LDL",60977
"757","PKE",76267
"758","CBIO",1124105
"759","SGRY",1638833
"763","PRSC",1220754
"764","RTN",1047122
"765","CENT",887733
"766","GBT",1629137
"771","BAS",1109189
"773","AOSL",1387467
"774","DOV",29905
"775","CSS",20629
"778","PLNT",1637207
"779","MOH",1179929
"780","TCMD",1027838
"787","MBI",814585
"791","AQMS",1621832
"794","LAKE",798081
"795","GHDX",1131324
"796","HLI",1302215
"800","CDR",761648
"807","XTNT",1453593
"808","DLTH",1649744
"811","COP",1163165
"812","TMO",97745
"813","VTVT",1641489
"816","NTAP",1002047
"818","JEC",52988
"819","WMB",107263
"820","APD",2969
"821","CSWC",17313
"822","AAXN",1069183
"824","HPE",1645590
"825","CVA",225648
"826","LKQ",1065696
"828","LITE",1633978
"831","DLTR",935703
"832","TRVN",1429560
"833","VER",1507385
"834","NEOS",1467652
"835","MCFT",1638290
"839","HRS",202058
"841","NNBR",918541
"842","ADP",8670
"845","ISTR",1602658
"846","DAL",27904
"847","ABCD",1466815
"851","DAKT",915779
"852","FSLR",1274494
"854","KN",1587523
"855","EBAY",1065088
"858","HRG",109177
"859","LOB",1462120
"861","GCO",18498
"862","PDLI",882104
"865","HUN",1307954
"867","NTRA",1604821
"868","SPNE",1637761
"870","GD",40533
"874","ACOR",1008848
"875","TDOC",1477449
"880","OOMA",1327688
"882","GNRT",1443799
"883","JWN",72333
"895","MCRN",1637913
"897","CFMS",1305773
"899","SMTC",88941
"903","QSII",708818
"904","CDOR",929545
"905","AMPH",1297184
"906","OLLI",1639300
"912","MACK",1274792
"916","PYPL",1633917
"917","ATU",6955
"918","ZNGA",1439404
"919","OHAI",1297704
"920","BW",1630805
"923","ALPN",1626199
"924","BLD",1633931
"925","MGRC",752714
"926","CIDM",1173204
"927","LCI",57725
"928","TREE",1434621
"931","UNVR",1494319
"935","WING",1636222
"939","ETP",1161154
"946","CNFR",1502292
"948","GKOS",1192448
"951","ALNY",1178670
"952","HP",46765
"955","TWTR",1418091
"957","HALO",1159036
"958","WTT",878828
"959","ZION",109380
"961","DTRM",1090908
"962","ETFC",1015780
"967","MAR",1048286
"969","PWR",1050915
"970","AGTC",1273636
"971","MCRB",1609809
"974","NBIX",914475
"980","CHFC",19612
"981","AAON",824142
"987","NRIM",1163370
"991","ATSG",894081
"993","MLI",89439
"999","CNX",1070412
"1000","CPE",928022
"1001","DMLP",1172358
"1002","PUB",1636286
"1007","ABEO",318306
"1009","RYN",52827
"1012","ORLY",898173
"1014","HUBB",48898
"1016","KLAC",319201
"1019","SYMC",849399
"1022","ACXM",733269
"1025","VISI",103872
"1027","ALG",897077
"1029","TISI",318833
"1030","A",1090872
"1031","IOSP",1054905
"1032","REED",1140215
"1037","SEE",1012100
"1039","EDR",1302343
"1040","BTN",946454
"1041","TRNS",99302
"1042","FLS",30625
"1043","TDY",1094285
"1044","CBZ",944148
"1045","LXU",60714
"1046","BANF",760498
"1047","EXTR",1078271
"1048","SAIA",1177702
"1049","AUTO",1023364
"1050","RAVN",82166
"1051","RKDA",1469443
"1053","CRCM",1412270
"1063","MOFG",1412665
"1066","CSBB",880417
"1069","NEO",1077183
"1076","EFX",33185
"1077","FDEF",946647
"1078","EGN",277595
"1079","AXL",1062231
"1080","OAKS",1547546
"1081","GFF",50725
"1082","NYT",71691
"1085","MNRO",876427
"1089","HOG",793952
"1090","SYNL",95953
"1095","MNK",1567892
"1098","CUB",26076
"1100","P",1230276
"1101","KBH",795266
"1104","ONB",707179
"1105","JAZZ",1232524
"1108","NSA",1618563
"1109","SSTK",1549346
"1112","CPB",16732
"1114","ZOES",1594879
"1115","WAIR",1378718
"1118","TTC",737758
"1119","CDTX",1610618
"1120","VSI",1360530
"1123","SFNC",90498
"1125","JYNT",1612630
"1127","XOMA",791908
"1136","MKC",63754
"1142","GRBK",1373670
"1144","CMI",26172
"1147","VRML",926617
"1154","CAPL",1538849
"1155","JCAP",1622353
"1160","MMS",1032220
"1162","VIRT",1592386
"1165","EAT",703351
"1166","PMBC",1109546
"1168","SEDG",1419612
"1170","PEI",77281
"1172","NVDA",1045810
"1175","NSP",1000753
"1176","ADRO",1435049
"1177","CTG",23111
"1178","OCFC",1004702
"1179","LH",920148
"1186","OSIR",1360886
"1187","SUM",1621563
"1192","GARS",1509892
"1197","APPS",317788
"1202","LBY",902274
"1204","WVFC",910679
"1205","CTXS",877890
"1206","OMN",1090061
"1207","TWIN",100378
"1209","UQM",315449
"1211","RCII",933036
"1214","STBA",719220
"1215","CNMD",816956
"1216","CUR",1357459
"1217","MRGE",944765
"1218","SSPC",1062273
"1227","FNLC",765207
"1232","NANO",704532
"1234","VIAV",912093
"1235","MO",764180
"1236","CKH",859598
"1237","FMBH",700565
"1238","PFPT",1212458
"1239","FLKS",1615219
"1240","RNR",913144
"1241","RESI",1555039
"1244","GIS",40704
"1245","ATHN",1131096
"1248","STLY",797465
"1249","TZOO",1133311
"1250","SPR",1364885
"1251","JBLU",1158463
"1253","FCN",887936
"1255","ASNA",1498301
"1256","LE",799288
"1260","CAL",14707
"1261","EQIX",1101239
"1263","FLO",1128928
"1265","HA",1172222
"1267","SGEN",1060736
"1269","SONA",1325670
"1274","AMRC",1488139
"1275","IEC",49728
"1279","JOB",40570
"1286","TMST",1598428
"1287","TNAV",1474439
"1288","ISRG",1035267
"1291","BG",1144519
"1296","ALXN",899866
"1300","INOV",1619954
"1307","BLL",9389
"1308","REXX",1397516
"1312","HTZ",1657853
"1313","HRI",1364479
"1314","FLL",891482
"1315","EMES",1555177
"1316","SEAC",1019671
"1318","CCF",830524
"1321","FBK",1649749
"1322","SFBS",1430723
"1324","PNFP",1115055
"1325","FIS",1136893
"1327","AROW",717538
"1328","DOC",1574540
"1330","RBCAA",921557
"1331","MU",723125
"1332","ONCE",1609351
"1339","GNMK",1487371
"1342","LSI",944314
"1343","HIFR",1506401
"1345","BLPH",1600132
"1347","RTTR",1460702
"1355","USAU",27093
"1358","EVRI",1318568
"1360","BF-B",14693
"1365","ESP",33533
"1368","HOMB",1331520
"1370","TACT",1017303
"1371","BURL",1579298
"1374","QBAK",758938
"1375","SCHN",912603
"1379","UEIC",101984
"1385","R",85961
"1386","NHI",877860
"1389","CCMP",1102934
"1390","CBKM",1006830
"1391","CSWI",1624794
"1392","AMDA",1269026
"1397","SLAB",1038074
"1409","TLRS",1288750
"1410","UVSP",102212
"1412","IBM",51143
"1414","C",831001
"1416","VZ",732712
"1417","GDOT",1386278
"1418","NTRS",73124
"1419","AGM",845877
"1420","BDN",790816
"1421","BIO",12208
"1425","UNM",5513
"1427","AWK",1410636
"1428","BSX",885725
"1431","MTSI",1493594
"1433","OXFD",1586049
"1435","LTXB",1487052
"1436","BDX",10795
"1438","KO",21344
"1445","CVRR",1558785
"1446","USG",757011
"1454","BIOC",1044378
"1455","OSIS",1039065
"1456","KMX",1170010
"1459","CPRT",900075
"1461","HUM",49071
"1462","CAT",18230
"1467","NEWR",1448056
"1469","CGIX",1349929
"1470","ONDK",1420811
"1471","WR",54507
"1472","NVTA",1501134
"1473","COT",884713
"1474","AQXP",1404644
"1478","ENVA",1529864
"1479","RDNT",790526
"1480","PYDS",1088034
"1482","NEOG",711377
"1486","EXPD",746515
"1487","MAS",62996
"1488","KLXI",1617898
"1490","BLCM",1358403
"1491","AAT",1500217
"1492","JRVR",1620459
"1493","CVGW",1133470
"1498","EXLS",1297989
"1503","BCO",78890
"1509","FFMH",703329
"1511","LC",1409970
"1512","KDUS",911148
"1513","SITO",1157817
"1514","CCUR",749038
"1517","PLCE",1041859
"1522","PNBK",1098146
"1523","MDU",67716
"1524","TPX",1206264
"1525","UCBI",857855
"1527","SKIS",1517401
"1528","LAD",1023128
"1530","THG",944695
"1533","SHLD",1310067
"1537","X",1163302
"1538","ON",1097864
"1539","AEHR",1040470
"1543","STBZ",1497275
"1544","ABCB",351569
"1545","EYES",1266806
"1546","ARGS",1105533
"1550","WPX",1518832
"1551","STOR",1538990
"1553","EGBN",1050441
"1554","FMC",37785
"1556","CRK",23194
"1560","WINT",946486
"1561","OC",1370946
"1563","ANGO",1275187
"1564","ADI",6281
"1565","INCY",879169
"1566","COFS",803164
"1567","FRPT",1611647
"1570","EGY",894627
"1573","AINC",1604738
"1579","TEN",1024725
"1580","NPO",1164863
"1583","CTL",18926
"1584","HQY",1428336
"1585","PRAA",1185348
"1587","TCX",909494
"1588","HTGM",1169987
"1589","UEC",1334933
"1590","PLX",1006281
"1593","RXN",1439288
"1597","ITRI",780571
"1599","FGEN",921299
"1602","SHLX",1610466
"1604","KPTI",1503802
"1606","BSM",1621434
"1607","TCS",1411688
"1612","PRTO",1359931
"1613","ANF",1018840
"1616","PRTK",1178711
"1617","NDAQ",1120193
"1619","NVRO",1444380
"1620","ZAYO",1608249
"1621","DPZ",1286681
"1623","KBAL",55772
"1634","INVA",1080014
"1635","LMNX",1033905
"1636","CRC",1609253
"1646","CHRS",1512762
"1647","CUK",1125259
"1651","IP",51434
"1654","FSAM",1611988
"1656","BVX",719135
"1657","IO",866609
"1659","BCOR",1068875
"1660","VBTX",1501570
"1661","HUBS",1404655
"1662","FMSA",1010858
"1664","CLR",732834
"1671","DHI",882184
"1672","UCFC",707886
"1673","DCOM",1005409
"1676","FB",1326801
"1677","LYTS",763532
"1680","AXP",4962
"1681","OPCO",1094139
"1682","USDP",1610682
"1695","AETI",1043186
"1697","WGL",1103601
"1701","TJX",109198
"1705","HEI",46619
"1706","HDSN",925528
"1713","KTOS",1069258
"1714","EYEG",1372514
"1716","W",1616707
"1726","ATEC",1350653
"1727","MDLY",1611110
"1731","RFIL",740664
"1733","BIIB",875045
"1734","XENE",1582313
"1736","TVPT",1424755
"1741","FELP",1540729
"1742","SWKH",1089907
"1743","BPFH",821127
"1750","IPWR",1507957
"1757","EPZM",1571498
"1759","DPLO",1610092
"1762","ECIA",930775
"1765","IPDN",1546296
"1769","INSW",1679049
"1770","BRS",73887
"1775","GTT",1315255
"1776","VEC",1601548
"1777","LOGM",1420302
"1780","CALA",1496671
"1781","GWW",277135
"1782","XON",1356090
"1783","TFSL",1381668
"1785","WPG",1594686
"1786","PXD",1038357
"1787","NLSN",1492633
"1788","LMT",936468
"1789","MRC",1439095
"1790","HENC",1324736
"1791","HALL",819913
"1793","MOS",1285785
"1795","PENC",891417
"1798","IDN",1040896
"1799","HRTG",1598665
"1801","SSI",6885
"1805","H",1468174
"1811","THRM",903129
"1812","MSL",745981
"1813","ADMS",1328143
"1815","RSO",1332551
"1816","DKL",1552797
"1820","GNBC",1606363
"1821","TTOO",1492674
"1823","HD",354950
"1824","INTC",50863
"1825","IRT",1466085
"1826","SPTN",877422
"1827","SPAR",743238
"1832","SYNC",1408278
"1837","PEG",788784
"1840","OUT",1579877
"1841","CCLP",1449488
"1843","HLF",1180262
"1844","MRNS",1267813
"1847","MXC",66418
"1848","WP",1533932
"1849","FF",1337298
"1850","GM",1467858
"1855","XOXO",1062292
"1856","OCLR",1110647
"1857","SWK",93556
"1861","WLB",106455
"1863","AEGN",353020
"1866","CFR",39263
"1873","SYF",1601712
"1877","XENT",1271214
"1885","NYCB",910073
"1891","SHBI",1035092
"1892","HI",1417398
"1893","WMS",1604028
"1894","OCUL",1393434
"1898","DCT",1170991
"1903","STZ",16918
"1904","ICD",1537028
"1906","MMM",66740
"1908","GFN",1342287
"1910","SNV",18349
"1911","CDNA",1217234
"1913","FMCB",1085913
"1918","ITUS",715446
"1921","IRMD",1325618
"1924","RGEN",730272
"1925","WATT",1575793
"1928","NFX",912750
"1932","CFX",1420800
"1935","AMOT",46129
"1936","SPDC",911650
"1937","SLCT",1263762
"1943","SAGE",1597553
"1944","PFNX",1478121
"1945","BPL",805022
"1946","DDR",894315
"1947","NICK",1000045
"1949","TSS",721683
"1953","NUVA",1142596
"1958","SMLR",1554859
"1959","CTLT",1596783
"1960","ARCB",894405
"1961","ROYL",864839
"1965","LOXO",1581720
"1966","ARNC",4281
"1967","ETSY",1370637
"1968","BCBP",1228454
"1969","MCK",927653
"1970","ATRA",1604464
"1972","TRNC",1593195
"1973","MBVX",1109196
"1974","NWLI",70684
"1976","SLM",1032033
"1982","SERV",1428875
"1989","NERV",1598646
"1990","MPC",1510295
"1992","JUVF",714712
"1998","EGL",1544229
"2004","FDS",1013237
"2006","MIK",1593936
"2007","PENN",921738
"2010","RF",1281761
"2012","MTBC",1582982
"2014","ZFGN",1374690
"2020","UNSI",1122991
"2021","KINS",33992
"2024","MERR",826683
"2026","EVBN",842518
"2027","VRTV",1599489
"2028","CCS",1576940
"2034","AMS",744825
"2037","LTC",887905
"2043","NMI",1547903
"2044","UVE",891166
"2045","SDPI",1600422
"2057","ARC",1305168
"2061","MINI",911109
"2062","CG",1527166
"2064","IT",749251
"2068","OFG",1030469
"2070","ROST",745732
"2072","CROX",1334036
"2073","RSPP",1588216
"2077","MMP",1126975
"2079","DAVE",1021270
"2080","INVT",1084752
"2087","TRUE",1327318
"2088","AKS",918160
"2089","LOW",60667
"2091","HY",1173514
"2092","ASPS",1462418
"2100","QUAD",1481792
"2101","CVEO",1590584
"2103","SLB",87347
"2104","RYAM",1597672
"2107","DNOW",1599617
"2108","ESV",314808
"2109","ECR",1600470
"2110","CACC",885550
"2119","NEPH",1196298
"2120","DHR",313616
"2123","MTRX",866273
"2125","SKYW",793733
"2130","ECL",31462
"2133","FRME",712534
"2135","NUE",73309
"2138","RTEC",1094392
"2141","CPK",19745
"2143","AVP",8868
"2145","ENTG",1101302
"2153","XYL",1524472
"2163","BCC",1328581
"2168","ONTX",1130598
"2170","STWD",1465128
"2174","KNL",1011570
"2178","HES",4447
"2182","AN",350698
"2190","DST",714603
"2191","BJRI",1013488
"2192","PLXS",785786
"2195","RESN",1579910
"2199","BAC",70858
"2200","COTY",1024305
"2201","WWE",1091907
"2204","BXC",1301787
"2206","CTBI",350852
"2211","IBTX",1564618
"2225","PRGX",1007330
"2226","PBFX",1582568
"2232","GOGO",1537054
"2234","SYKE",1010612
"2235","TUES",878726
"2236","FMNB",709337
"2237","ABAX",881890
"2238","PX",884905
"2242","BOX",1372612
"2244","GLW",24741
"2247","IVR",1437071
"2253","AAN",706688
"2255","DSW",1319947
"2257","ACLS",1113232
"2258","HLIT",851310
"2269","ASFI",1001258
"2270","KTWO",1499807
"2275","LGND",886163
"2276","CIO",1593222
"2277","IEX",832101
"2282","BTU",1064728
"2284","TEGP",1633651
"2287","AMH",1562401
"2297","ALDR",1423824
"2299","USM",821130
"2300","ENV",1337619
"2303","RLGT",1171155
"2304","PESI",891532
"2308","HF",1380509
"2316","PRSS",1117733
"2330","FARO",917491
"2332","ENBL",1591763
"2333","TALN",1047881
"2335","DVA",927066
"2340","SPWH",1132105
"2343","PXLW",1040161
"2344","CRUS",772406
"2346","MNOV",1226616
"2348","WPC",1025378
"2353","PANW",1327567
"2354","ALLY",40729
"2359","WSR",1175535
"2372","MTGE",1516973
"2376","RARE",1515673
"2379","CVTI",928658
"2381","CAG",23217
"2382","AMBR",1314223
"2383","TCFC",855874
"2386","SUP",95552
"2387","LABL",819220
"2390","KLIC",56978
"2398","NXTM",1333170
"2399","CHMG",763563
"2402","ZBH",1136869
"2408","ISDR",843006
"2416","BOKF",875357
"2419","CLI",924901
"2420","WBS",801337
"2433","ALE",66756
"2434","CHCO",726854
"2436","VSAR",1513818
"2437","FOLD",1178879
"2438","PCTI",1057083
"2441","BLUE",1293971
"2442","SNR",1610114
"2444","SO",92122
"2445","PGC",1050743
"2448","ARCH",1037676
"2450","IRWD",1446847
"2452","CFFI",913341
"2454","EXC",1109357
"2456","NCS",883902
"2460","CVG",1062047
"2461","PLXP",1497504
"2463","KFS",1072627
"2465","KMG",1028215
"2468","QUOT",1115128
"2472","ELTP",1053369
"2475","AMNL",8328
"2480","INVE",1036044
"2482","AVDL",1012477
"2486","HTBK",1053352
"2487","EW",1099800
"2488","SBFG",767405
"2489","PNR",77360
"2492","ACET",2034
"2493","TAP",24545
"2494","ACRE",1529377
"2497","MKSI",1049502
"2499","BRG",1442626
"2502","VSTM",1526119
"2506","GBIM",1245104
"2507","OXY",797468
"2508","ITG",920424
"2514","MGM",789570
"2516","FFG",1012771
"2519","MUR",717423
"2520","MAN",871763
"2522","DDS",28917
"2523","AEO",919012
"2531","FI",1575828
"2532","TSCO",916365
"2533","TXT",217346
"2536","LFUS",889331
"2537","OMF",1584207
"2538","MBUU",1590976
"2539","LNGG",1326428
"2543","IBP",1580905
"2546","CYH",1108109
"2547","NATI",935494
"2550","PDCO",891024
"2563","TRV",86312
"2569","DRNA",1399529
"2570","SRCI",1413507
"2573","NWHM",1574596
"2587","RLH",1052595
"2593","EEI",809933
"2594","BANR",946673
"2595","FLXN",1419600
"2597","COO",711404
"2602","FTD",1575360
"2606","VNOM",1602065
"2607","FANG",1539838
"2612","RVNC",1479290
"2615","NNUTU",792161
"2616","SC",1580608
"2617","TENX",34956
"2621","CARA",1346830
"2622","AREX",1405073
"2624","TRC",96869
"2642","NSYS",722313
"2646","COL",1137411
"2656","CELP",1587246
"2658","MTB",36270
"2666","INGR",1046257
"2668","PSTI",1158780
"2671","LLY",59478
"2673","EXR",1289490
"2682","GBNK",1324410
"2685","WU",1365135
"2690","INGN",1294133
"2709","EPM",1006655
"2715","D",715957
"2717","NSIT",932696
"2719","SMTX",1108320
"2722","WY",106535
"2725","BREW",892222
"2727","ATR",896622
"2730","DNBF",713671
"2731","HEAR",1493761
"2734","APTS",1481832
"2735","WTW",105319
"2738","NEE",753308
"2743","URG",1375205
"2745","HOPE",1128361
"2751","NNN",751364
"2752","SD",1349436
"2753","SGY",904080
"2754","DAR",916540
"2755","HBNC",706129
"2757","SXI",310354
"2759","CLNE",1368265
"2767","OESX",1409375
"2772","CF",1324404
"2773","CVX",93410
"2774","FFNW",1401564
"2776","WPZ",1483096
"2778","HDS",1573097
"2780","CNCE",1367920
"2781","DFRG",1415301
"2782","RGA",898174
"2783","ATI",1018963
"2790","UBA",1029800
"2791","GNCA",1457612
"2793","ASTE",792987
"2794","MMC",62709
"2796","BXS",701853
"2799","USB",36104
"2805","TURN",893739
"2808","TVTY",704415
"2809","BXMT",1061630
"2811","ACRX",1427925
"2812","CIM",1409493
"2813","S",101830
"2814","HAWK",1411488
"2816","KFRC",930420
"2818","KIN",1561743
"2826","CODI",1345126
"2828","UAL",100517
"2831","HGV",1674168
"2834","GPN",1123360
"2840","BKS",890491
"2845","ARMK",1584509
"2847","MTD",1037646
"2849","NG",1173420
"2851","AZZ",8947
"2852","WCC",929008
"2861","CSOD",1401680
"2865","TSN",100493
"2874","LHCG",1303313
"2877","TTEK",831641
"2881","LEA",842162
"2883","PFSI",1568669
"2885","PMT",1464423
"2887","QCRH",906465
"2889","CXO",1358071
"2893","ATGE",730464
"2898","NRZ",1556593
"2901","EGLT",1586105
"2902","SPH",1005210
"2903","CASH",907471
"2905","TPHS",724742
"2912","AMC",1411579
"2913","RGS",716643
"2914","ALCO",3545
"2916","MAA",912595
"2919","XNCR",1326732
"2929","VTL",1280776
"2933","EPAM",1352010
"2936","MARK",1368365
"2944","AHP",1574085
"2946","TLOG",1361248
"2951","TRS",842633
"2955","MBTF",1118237
"2960","DGICB",800457
"2961","VCRA",1129260
"2963","PLUG",1093691
"2970","CTT",1341141
"2971","AERI",1337553
"2973","AJG",354190
"2974","NOW",1373715
"2977","SNGX",812796
"2979","BIG",768835
"2980","HTLF",920112
"2982","GLYC",1253689
"2990","AMGN",318154
"2992","PURE",1006028
"2996","STAY",1581164
"2998","NTIC",875582
"2999","GAIA",1089872
"3010","COMM",1517228
"3011","ALLE",1579241
"3017","PSB",866368
"3024","CLPR",1649096
"3025","RELL",355948
"3026","GLPI",1575965
"3036","NWFL",1013272
"3043","MMI",1578732
"3047","FFIV",1048695
"3061","GORO",1160791
"3071","TEAR",1299139
"3072","PAY",1312073
"3073","ORBC",1361983
"3077","TTS",1552800
"3079","EL",1001250
"3081","MGNX",1125345
"3083","NROM",709005
"3084","PINC",1577916
"3085","FITB",35527
"3090","FC",886206
"3099","AAOI",1158114
"3128","AR",1433270
"3130","QTS",1577368
"3132","EGHT",1023731
"3134","JNP",821995
"3141","CETV",925645
"3143","GEVO",1392380
"3144","TEP",1569134
"3145","FATE",1434316
"3147","SELB",1453687
"3149","XLRN",1280600
"3152","OCIP",1578932
"3155","BANX",1578987
"3164","CHGG",1364954
"3179","INDB",776901
"3188","SAIC",1571123
"3198","KND",1060009
"3199","ARR",1428205
"3203","HMHC",1580156
"3204","FCBC",859070
"3209","CMC",22444
"3210","CSGS",1005757
"3216","HBIO",1123494
"3217","AMWD",794619
"3218","LGIH",1580670
"3228","FMI",1488613
"3236","CBPO",1369868
"3239","GXP",1143068
"3240","PEO",216851
"3242","ADX",2230
"3245","PNC",713676
"3248","ERA",1525221
"3250","SAFT",1172052
"3251","QTM",709283
"3254","BCRX",882796
"3258","HOLX",859737
"3261","EVHC",1578318
"3262","KS",1325281
"3264","VAC",1524358
"3266","MON",1110783
"3273","IDTI",703361
"3278","TPRE",1576018
"3279","AVX",859163
"3284","DNB",1115222
"3287","MRO",101778
"3288","RECN",1084765
"3289","CWT",1035201
"3295","EOG",821189
"3299","BGCP",1094831
"3300","POWI",833640
"3302","CORR",1347652
"3305","MBII",1441693
"3312","TNDM",1438133
"3320","MHK",851968
"3332","XGTI",1565228
"3334","OMEX",798528
"3336","FAC",1017907
"3337","WCN",1057058
"3339","COLM",1050797
"3341","AHC",1413898
"3348","MDT",64670
"3349","MTG",876437
"3350","OLBK",1253317
"3351","AGIO",1439222
"3362","SFM",1575515
"3367","TILE",715787
"3374","MLHR",66382
"3375","NTGR",1122904
"3378","AMKR",1047127
"3379","REXR",1571283
"3385","BMCH",1574815
"3386","MANH",1056696
"3395","JONE",1573166
"3400","MD",893949
"3401","CTAM",18172
"3404","UAMY",101538
"3405","DVAX",1029142
"3408","MED",910329
"3409","JMBA",1316898
"3413","GIFI",1031623
"3414","BMRC",1403475
"3428","FULT",700564
"3430","SMG",825542
"3437","UA",1336917
"3442","HTBX",1476963
"3447","SSFN",1023860
"3448","JPM",19617
"3456","TCAP",1379785
"3457","GTHP",924515
"3471","ANIP",1023024
"3472","NDLS",1275158
"3483","REFR",793524
"3488","PTCT",1070081
"3490","MCEM",67517
"3497","ETE",1276187
"3498","OPHT",1410939
"3499","TLRA",1375796
"3506","WNC",879526
"3507","EVOK",1403708
"3508","SAMG",1549966
"3544","FPRX",1175505
"3546","CTMX",1501989
"3547","LCII",763744
"3548","FBIO",1429260
"3550","GLP",1323468
"3552","PWOD",716605
"3567","KEQU",55529
"3574","BYFC",1001171
"3584","DENN",852772
"3589","APC",773910
"3591","JAG",1685715
"3592","HBHC",750577
"3595","PNW",764622
"3598","CB",896159
"3600","HSIC",1000228
"3605","FDX",1048911
"3608","ARRS",1141107
"3609","ZUMZ",1318008
"3611","ENS",1289308
"3621","BRC",746598
"3626","CATY",861842
"3628","NTRI",1096376
"3640","FTK",928054
"3644","CL",21665
"3648","PGEM",1284807
"3649","AKAM",1086222
"3656","CDW",1402057
"3662","BASI",720154
"3666","HSY",47111
"3669","KWR",81362
"3679","SSKN",1051514
"3680","CBLI",1318641
"3682","HIG",874766
"3685","ROG",84748
"3688","TMUS",1283699
"3690","IVTY",1393020
"3692","NVR",906163
"3696","TRNO",1476150
"3698","CBA",1570318
"3703","AHH",1569187
"3708","IQV",1478242
"3710","BRSS",1533526
"3720","NSTG",1401708
"3721","FE",1031296
"3722","NEM",1164727
"3724","SP",1059262
"3725","FBNK",1511198
"3727","ECOM",1169652
"3741","SIVB",719739
"3751","DFS",1393612
"3752","IKNX",1083301
"3753","RNST",715072
"3754","NBL",72207
"3756","HMNF",921183
"3759","ASH",1305014
"3768","PDEX",788920
"3770","CNS",1284812
"3772","KAMN",54381
"3780","PTLA",1269021
"3792","HASI",1561894
"3798","OCN",873860
"3800","BRN",10048
"3801","KW",1408100
"3810","EVTC",1559865
"3819","STML",1264587
"3824","LM",704051
"3832","VVUS",881524
"3846","ERIE",922621
"3848","ACER",1069308
"3865","LECO",59527
"3868","CONE",1553023
"3875","PPBI",1028918
"3876","SJI",91928
"3879","PATK",76605
"3882","SLD",1527590
"3883","DSPG",915778
"3897","UBNT",1511737
"3898","SANM",897723
"3906","ENTA",1177648
"3908","OFIX",884624
"3909","RUSHB",1012019
"3915","HIIQ",1561387
"3916","TTPH",1373707
"3925","CMRX",1117480
"3928","CRIS",1108205
"3931","OMCL",926326
"3934","ZAZA",1528393
"3937","BANC",1169770
"3939","FRAN",1399935
"3941","AMAT",6951
"3959","KMT",55242
"3984","CPT",906345
"3985","WIFI",1169988
"3988","LIVE",1045742
"3991","RMD",943819
"3999","CLX",21076
"4003","SSP",832428
"4004","HSKA",1038133
"4009","CACI",16058
"4012","AVD",5981
"4013","SBSI",705432
"4014","VFC",103379
"4016","FTI",1135152
"4019","CBI",1027884
"4020","TMHC",1562476
"4024","TPLM",1281922
"4031","UPL",1022646
"4032","GPX",70415
"4035","TCBK",356171
"4056","SHO",1295810
"4057","OMI",75252
"4058","THFF",714562
"4065","PFS",1178970
"4066","MDSO",1453814
"4068","HAS",46080
"4069","GRMS",1164552
"4071","MSCC",310568
"4075","THC",70318
"4076","RCL",884887
"4080","IPGP",1111928
"4087","WAL",1212545
"4093","CWGL",1562151
"4100","ALB",915913
"4102","WIN",1282266
"4103","FRED",724571
"4108","GIGM",1105101
"4113","SOTK",806172
"4114","CNOB",712771
"4117","PHM",822416
"4119","OI",812074
"4129","FLXS",37472
"4133","NORNQ",1422105
"4139","COF",927628
"4141","ZTS",1555280
"4144","CWST",911177
"4148","TIVO",1088825
"4162","BBOX",849547
"4163","REI",1384195
"4167","TY",99614
"4174","TEX",97216
"4184","NCLH",1513761
"4186","CORE",1318084
"4189","CAR",723612
"4194","CRI",1060822
"4196","VERU",863894
"4198","AOS",91142
"4203","CWCO",928340
"4205","SAVE",1498710
"4207","RLJ",1511337
"4208","SONC",868611
"4211","O",726728
"4218","CLW",1441236
"4233","CVBF",354647
"4240","NMFC",1496099
"4242","FLIC",740663
"4248","ZIXI",855612
"4257","CLDB",774569
"4258","GVA",861459
"4286","ATRC",1323885
"4293","AVT",8858
"4294","ETM",1067837
"4299","USAK",883945
"4306","TDC",816761
"4309","LII",1069202
"4311","KRC",1025996
"4319","AEL",1039828
"4323","MFA",1055160
"4324","SPOK",1289945
"4326","IONS",874015
"4329","BOOM",34067
"4331","ALSN",1411207
"4332","AVB",915912
"4336","COST",909832
"4338","RHP",1040829
"4344","CRY",784199
"4345","NEU",1282637
"4346","REG",910606
"4347","PRTA",1559053
"4366","NRG",1013871
"4367","VCEL",887359
"4374","KMPR",860748
"4377","IART",917520
"4379","DYNT",720875
"4390","HOV",357294
"4395","PROV",1010470
"4402","SCVL",895447
"4403","FDUS",1513363
"4404","MAIN",1396440
"4407","VIAB",1339947
"4408","HK",1282648
"4409","UNP",100885
"4412","SFE",86115
"4415","EBMT",1478454
"4417","PBF",1534504
"4422","KFY",56679
"4423","UWN",277058
"4427","HZO",1057060
"4428","TMQ",1543418
"4430","JAMN",1334586
"4432","FRGI",1534992
"4441","NKSH",796534
"4443","GRIF",1037390
"4444","MXL",1288469
"4445","PAG",1019849
"4447","STC",94344
"4450","AWR",1056903
"4454","IDRA",861838
"4456","DF",931336
"4459","HFWA",1046025
"4462","KOS",1509991
"4464","FNGN",1430592
"4468","SWN",7332
"4475","SCM",1551901
"4477","EPC",1096752
"4478","MYRG",700923
"4481","DGSE",701719
"4485","AHL",1267395
"4493","CEI",1309082
"4494","NOVT",1076930
"4499","EEQ",1173911
"4508","RH",1528849
"4516","PCYG",50471
"4531","BMY",14272
"4533","MRCC",1512931
"4548","BOH",46195
"4550","INFN",1138639
"4564","CHTR",1091667
"4568","COLL",1267565
"4569","GCI",39899
"4570","SXE",1547638
"4585","RVLT",917523
"4591","MSON",880432
"4599","GSVC",1509470
"4601","GTS",1171662
"4606","CSCO",858877
"4608","MRNA",737207
"4610","ICPT",1270073
"4612","NSH",1223786
"4616","RPAI",1222840
"4625","NAVB",810509
"4627","CRR",1009672
"4628","GWR",1012620
"4633","AIR",1750
"4648","TREC",7039
"4652","UBSH",883948
"4653","FICO",814547
"4660","CY",791915
"4672","PTEN",889900
"4673","AMBA",1280263
"4676","JCI",833444
"4682","XEC",1168054
"4691","FNCB",1035976
"4693","QLYS",1107843
"4698","ALK",766421
"4704","AMZN",1018724
"4711","MYE",69488
"4714","IPHI",1160958
"4717","SPPI",831547
"4718","CHEF",1517175
"4719","DRAD",707388
"4720","FVE",1159281
"4722","SUPN",1356576
"4723","USEG",101594
"4724","BLMN",1546417
"4730","BMRN",1048477
"4731","AXAS",867665
"4732","CDXS",1200375
"4737","WHF",1552198
"4739","ALL",899051
"4745","PLAY",1525769
"4749","ALOT",8146
"4750","MDCO",1113481
"4761","APO",1411494
"4762","WM",823768
"4782","MAC",912242
"4785","GALT",1133416
"4788","MTP",919745
"4791","STRL",874238
"4796","CFBK",1070680
"4797","IGC",1326205
"4817","IDXX",874716
"4818","SRI",1043337
"4822","USCR",1073429
"4824","RGLS",1505512
"4825","OPHC",1288855
"4831","PFMT",1550695
"4833","BRX",1581068
"4840","EVC",1109116
"4844","OGS",1587732
"4847","SCI",89089
"4851","GMED",1237831
"4868","TLGT",352998
"4873","HCLP",1549848
"4881","ACHC",1520697
"4897","SRYB",1229146
"4903","WOR",108516
"4913","IBCP",39311
"4919","USAT",896429
"4920","ADMA",1368514
"4929","TMK",320335
"4941","SRE",1032208
"4942","PM",1413329
"4943","IBKR",1381197
"4944","TREX",1069878
"4950","SCSC",918965
"4955","TLRD",884217
"4957","LYB",1489393
"4958","VLY",714310
"4965","GLPW",1136294
"4974","PCMI",937941
"4980","GBCI",868671
"4982","SALM",1050606
"4986","CWBC",1051343
"4992","IBAL",781902
"4995","ALEX",3453
"5009","TFX",96943
"5014","ODC",74046
"5024","AGYS",78749
"5025","NFLX",1065280
"5026","ATOS",1488039
"5027","NAV",808450
"5034","KALU",811596
"5043","HSC",45876
"5053","CYTK",1061983
"5054","AVEO",1325879
"5060","PFBI",887919
"5065","SNBR",827187
"5066","ORA",1296445
"5067","WLK",1262823
"5068","CONN",1223389
"5072","MNTA",1235010
"5075","GTN",43196
"5082","WAYN",1036030
"5083","ATO",731802
"5092","GEOS",1001115
"5095","TOWR",1485469
"5114","LNTH",1521036
"5116","PHH",77776
"5137","ASGN",890564
"5156","SWX",92416
"5160","XLNX",743988
"5165","FSNN",1071411
"5173","WTR",78128
"5177","ARTNA",863110
"5180","MNI",1056087
"5191","AME",1037868
"5193","LPX",60519
"5197","PKG",75677
"5206","TAST",809248
"5209","WMGI",1137861
"5220","APU",932628
"5224","EXPE",1324424
"5228","UFS",1381531
"5232","KEX",56047
"5239","TLYS",1524025
"5246","MCRI",907242
"5256","AMG",1004434
"5258","ALGT",1362468
"5259","XSPY",932372
"5269","GPT",1287701
"5270","STRS",885508
"5271","TMP",1005817
"5275","AOBC",1092796
"5278","ATRM",908598
"5279","AMRH",890821
"5282","HSON",1210708
"5284","NOVC",1025953
"5288","GV",42316
"5297","SYNA",817720
"5298","MUX",314203
"5305","CBK",883943
"5328","RRC",315852
"5331","PNK",356213
"5338","ISSC",836690
"5341","HCSG",731012
"5344","FLEX",866374
"5349","RPM",110621
"5357","AEY",874292
"5358","SJW",766829
"5361","EPD",1061219
"5363","SHLM",87565
"5372","FARM",34563
"5388","EHTH",1333493
"5392","IPG",51644
"5394","AGX",100591
"5398","GEL",1022321
"5415","HICKA",47307
"5418","FDP",1047340
"5427","GBX",923120
"5432","SLGN",849869
"5433","HURC",315374
"5437","DORM",868780
"5445","AER",1378789
"5455","DAIO",351998
"5458","TTGT",1293282
"5460","KONA",1265572
"5462","SLCA",1524741
"5464","HRL",48465
"5474","SM",893538
"5486","HRB",12659
"5500","MBFI",1139812
"5505","Y",775368
"5516","ENPH",1463101
"5519","ABR",1253986
"5523","BPOP",763901
"5528","SCOR",1158172
"5529","CLD",1441849
"5541","G",1398659
"5559","PRA",1127703
"5563","CDTI",949428
"5583","ARCI",862861
"5584","AXGN",805928
"5588","M",794367
"5591","PEBO",318300
"5603","CRAY",949158
"5604","CALL",1005699
"5612","ACFN",880984
"5613","WEC",783325
"5620","LEG",58492
"5626","WAB",943452
"5630","PRLB",1443669
"5635","COG",858470
"5639","FUN",811532
"5651","IMMY",1360214
"5653","QTMM",1403570
"5667","HBI",1359841
"5671","AMRS",1365916
"5672","SIGI",230557
"5678","JW-A",107140
"5679","CTRN",1318484
"5689","CASI",895051
"5695","CIR",1091883
"5697","FN",1408710
"5700","FBIZ",1521951
"5718","FSTR",352825
"5720","RUTH",1324272
"5721","SPN",886835
"5724","RJF",720005
"5727","PII",931015
"5729","ECA",1157806
"5731","MLNT",1461993
"5740","MTDR",1520006
"5741","CHH",1046311
"5756","IESC",1048268
"5764","PNM",1108426
"5768","DGII",854775
"5772","CDXC",1386570
"5773","COBZ",1028734
"5777","TRCB",1343034
"5792","WSM",719955
"5809","AWRE",1015739
"5810","FKWL",722572
"5812","ABM",771497
"5822","FET",1401257
"5839","BGMD",1407038
"5841","SF",720672
"5843","RDI",716634
"5855","ANDE",821026
"5858","CELG",816284
"5864","TGTX",1001316
"5870","PLAB",810136
"5871","SR",93456
"5872","AKR",899629
"5885","WYY",1034760
"5901","ADM",7084
"5906","SRLP",1525287
"5921","SPEX",12239
"5933","AB",825313
"5934","ITT",216228
"5935","FUNC",763907
"5958","MTEX",1056358
"5959","AROC",1389050
"5961","AMAG",792977
"5962","NEON",87050
"5965","JSDA",1083522
"5967","TOL",794170
"5977","SRT",1031029
"5990","WGO",107687
"5991","MCEP",1527709
"5994","BCEI",1509589
"6004","PVAC",77159
"6008","LPI",1528129
"6016","ABG",1144980
"6018","CRVL",874866
"6032","NDSN",72331
"6058","TKOI",1094084
"6066","TRIP",1526520
"6079","PLT",914025
"6088","CW",26324
"6097","MVIS",65770
"6100","ROSE",1340282
"6103","SPA",92679
"6110","MMSI",856982
"6125","KNSL",1669162
"6130","UEPS",1041514
"6131","STRA",1013934
"6135","MYL",69499
"6136","SMBC",916907
"6138","ISBC",1326807
"6141","BGG",14195
"6143","LINC",1286613
"6148","REGI",1463258
"6150","ARAY",1138723
"6156","MET",1099219
"6158","GLRE",1385613
"6160","FUL",39368
"6162","OAS",1486159
"6164","GRMN",1121788
"6173","BAH",1443646
"6178","GNE",1528356
"6179","MEIP",1262104
"6187","PAYX",723531
"6198","WTS",795403
"6202","JBHT",728535
"6204","DRSV",1106645
"6220","AES",874761
"6221","HTGC",1280784
"6226","IMGN",855654
"6228","CTGO",1502377
"6238","AGLE",1636282
"6245","CFNB",803016
"6259","SASR",824410
"6260","AMPY",1521847
"6271","DDXSQ",1036968
"6272","MBWM",1042729
"6274","GSS",903571
"6276","AIZ",1267238
"6280","EPE",1584952
"6284","BDGE",846617
"6286","HMG",311817
"6287","IDXG",1054102
"6288","PFLC",1093728
"6308","FORR",1023313
"6317","BDR",1000683
"6318","HMST",1518715
"6323","ALOG",6284
"6324","ZBRA",877212
"6332","EGOV",1065332
"6343","TBNK",1447051
"6345","BWA",908255
"6368","WTFC",1015328
"6372","CCEL",862692
"6373","ERN",1402281
"6382","OXM",75288
"6387","ICCC",811641
"6391","VIDE",758743
"6392","ADS",1101215
"6396","DEPO",1005201
"6405","MTX",891014
"6408","DXPE",1020710
"6425","SIF",90168
"6428","IMI",1311241
"6430","EVR",1360901
"6444","CYAN",768408
"6447","GPI",1031203
"6452","STXS",1289340
"6453","JBT",1433660
"6463","IDSA",4187
"6466","ADC",917251
"6476","ABC",1140859
"6479","DVCR",919956
"6481","IBKC",933141
"6483","BRKL",1049782
"6484","LB",701985
"6492","LVS",1300514
"6502","PRI",1475922
"6504","CBRL",1067294
"6510","WAGE",1158863
"6515","ASB",7789
"6517","MACE",912607
"6521","ELMD",1488917
"6524","MPLX",1552000
"6539","RGLD",85535
"6543","VOXX",807707
"6557","VMI",102729
"6563","CZR",858339
"6573","ORC",1518621
"6574","BLGO",880242
"6576","SIEN",1551693
"6579","ODP",800240
"6593","KYN",1293613
"6595","ST",1477294
"6604","AGCO",880266
"6612","AMPE",1411906
"6615","RAD",84129
"6617","ETCC",33113
"6618","LKFN",721994
"6623","GNRC",1474735
"6652","DAN",26780
"6666","HFC",48039
"6671","ASUR",884144
"6675","Z",1334814
"6693","CRWG",1328670
"6698","HNGR",722723
"6701","SRCL",861878
"6709","ECYT",1235007
"6712","CGYV",1208790
"6714","PPC",802481
"6715","NXST",1142417
"6720","PPG",79879
"6735","AMID",1513965
"6744","IMMR",1058811
"6745","ULGX",882873
"6752","RSYS",873044
"6754","DRQ",1042893
"6760","SRPT",873303
"6786","CXW",1070985
"6787","MELI",1099590
"6792","NLS",1078207
"6793","HCP",765880
"6795","EIG",1379041
"6799","RE",1095073
"6800","WNEB",1157647
"6807","SCHL",866729
"6809","SMMF",811808
"6813","CATM",1277856
"6824","UHS",352915
"6833","TGT",27419
"6844","OLP",712770
"6855","TYCB",1003986
"6863","EMAN",1046995
"6866","VRTU",1207074
"6870","IPXL",1003642
"6871","KRO",1257640
"6885","DXCM",1093557
"6891","NGL",1504461
"6893","PEB",1474098
"6897","GCFB",1048620
"6904","HWCC",1356949
"6914","APOG",6845
"6915","UNT",798949
"6927","SFST",1090009
"6932","SVU",95521
"6933","MTRN",1104657
"6935","JYHW",1308710
"6941","OLN",74303
"6954","RBC",82811
"6959","THR",1489096
"6967","MCBC",1053584
"6991","DXLG",813298
"6996","LLL",1056239
"7003","QUIK",882508
"7005","CALX",1406666
"7006","WHG",1165002
"7009","DSNY",1099369
"7018","MCHX",1224133
"7019","VVI",884219
"7024","HOFD",833795
"7033","LRCX",707549
"7044","FCF",712537
"7045","IVZ",914208
"7054","JOE",745308
"7056","STAG",1479094
"7065","TITN",1409171
"7083","BOFI",1299709
"7093","WRE",104894
"7100","COHR",21510
"7106","IIVI",820318
"7107","TYL",860731
"7111","SRDX",924717
"7131","OA",866121
"7138","KBR",1357615
"7139","SPSC",1092699
"7144","TAL",1331745
"7156","LAZ",1311370
"7163","ENDP",1100962
"7170","ZAGG",1296205
"7177","MLR",924822
"7183","AXTA",1616862
"7188","CVS",64803
"7191","ORBT",74818
"7194","CCI",1051470
"7217","CHDN",20212
"7231","VRS",1421182
"7235","ANTH",1316175
"7238","UFI",100726
"7240","JMP",1383803
"7256","SNHY",1024795
"7261","ROL",84839
"7264","EBS",1367644
"7276","CLBS",320017
"7282","ARNA",1080709
"7283","NETE",1293330
"7284","LEDS",1333822
"7290","WDR",1052100
"7304","MDRX",1124804
"7312","ATEN",1580808
"7324","HR",899749
"7338","AGII",1091748
"7339","STAR",1095651
"7359","PZZA",901491
"7360","KNX",929452
"7393","DLR",1297996
"7416","WEB",1095291
"7436","KSU",54480
"7440","AL",1487712
"7446","NLNK",1126234
"7465","RPXC",1509432
"7469","ARTX",916529
"7477","AMAR",1014763
"7487","MPB",879635
"7514","EMKR",808326
"7521","JBSS",880117
"7522","GCAP",1444363
"7544","AMNB",741516
"7555","AJRD",40888
"7558","SHLO",904979
"7564","GOOD",1234006
"7565","GLAD",1143513
"7569","AMN",1142750
"7571","AIV",922864
"7593","HPJ",1368308
"7597","BFIN",1303942
"7599","SGB",315849
"7622","ODFL",878927
"7626","WST",105770
"7629","NP",1296435
"7631","DX",826675
"7646","CMCO",1005229
"7673","LOGI",1032975
"7675","EFII",867374
"7685","MNTX",1302028
"7690","PW",78838
"7693","CTB",24491
"7702","UTX",101829
"7708","SON",91767
"7727","RVSB",1041368
"7741","WLL",1255474
"7754","TKR",98362
"7757","RDC",85408
"7770","PLSE",1625101
"7771","DRE",783280
"7773","FAF",1472787
"7782","BIOL",811240
"7784","KAI",886346
"7791","CLSN",749647
"7799","IMKTA",50493
"7802","RNET",1162112
"7809","UIS",746838
"7810","PBH",1295947
"7826","DWSN",351231
"7852","CGNH",1089029
"7882","INSM",1104506
"7883","AON",315293
"7898","VNDA",1347178
"7899","RFP",1393066
"7910","INFI",1113148
"7914","ARWR",879407
"7915","HPP",1482512
"7919","LRN",1157408
"7929","AMCX",1514991
"7932","GURE",885462
"7940","VTR",740260
"7955","LNT",352541
"7968","PMD",806517
"7974","SBRA",1492298
"7990","TGI",1021162
"7998","AFG",1042046
"8000","EEP",880285
"8001","ACGL",947484
"8004","HHC",1498828
"8026","TWX",1105705
"8027","LFGR",1365038
"8031","CSBR",771856
"8032","LBTYA",1316631
"8041","QUMU",892482
"8045","CREG",721693
"8046","WD",1497770
"8047","MSEX",66004
"8063","NVIV",1292519
"8069","CREE",895419
"8073","PACB",1299130
"8082","OGE",1021635
"8095","DRI",940944
"8106","CRGS",1063197
"8107","PZG",1342854
"8127","BBRG",1495479
"8135","PAA",1070423
"8136","UNTY",920427
"8140","UNFI",1020859
"8146","CAFD",1635581
"8154","SPI",1210618
"8161","CABO",1632127
"8163","GHC",104889
"8170","AMIN",1073146
"8171","GERN",886744
"8172","NATR",275053
"8173","IFF",51253
"8174","MG",1436126
"8177","GMO",1275229
"8183","MRCY",1049521
"8191","PODD",1145197
"8192","SCX",93676
"8195","RAIL",1320854
"8199","STND",1492915
"8208","MCF",1071993
"8223","QNBC",750558
"8228","HSTM",1095565
"8230","FIBK",860413
"8238","SVBL",1031093
"8239","VXRT",72444
"8250","BX",1393818
"8252","ESND",355999
"8255","JJSF",785956
"8256","IVAC",1001902
"8260","CHKE",844161
"8282","HIL",1287808
"8286","WDC",106040
"8310","GABC",714395
"8313","ERHE",799235
"8316","FORD",38264
"8324","NAVG",793547
"8325","LLEN",1137083
"8327","TIPT",1393726
"8328","FRAF",723646
"8335","HMNY",1040792
"8371","IBOC",315709
"8378","UBSI",729986
"8409","OMC",29989
"8411","IORG",1295560
"8414","VECO",103145
"8422","AAL",6201
"8428","PLUS",1022408
"8442","UHLN",1381871
"8464","SKX",1065837
"8489","STAA",718937
"8497","WSO",105016
"8507","ACM",868857
"8520","FCEL",886128
"8526","NFG",70145
"8541","CCBG",726601
"8555","FCSC",357097
"8561","LEN",920760
"8564","ISIG",875355
"8565","GME",1326380
"8582","SHEN",354963
"8610","KKR",1404912
"8612","BGC",886035
"8621","SIGA",1010086
"8653","BSET",10329
"8658","CBOE",1374310
"8687","ULBI",875657
"8689","UTI",1261654
"8714","CATO",18255
"8722","FTAI",1590364
"8726","CSU",1043000
"8740","ATNI",879585
"8742","ATRO",8063
"8762","CSL",790051
"8770","BWXT",1486957
"8773","UNB",706863
"8777","MOD",67347
"8779","USAP",931584
"8795","CNTY",911147
"8801","FORM",1039399
"8813","MX",1325702
"8834","RCM",1472595
"8843","MASI",937556
"8846","AFSI",1365555
"8848","SBUX",829224
"8855","FMBM",740806
"8868","CCXI",1340652
"8870","SNSS",1061027
"8872","MKL",1096343
"8886","PVH",78239
"8891","KAR",1395942
"8909","ACNB",715579
"8917","DHIL",909108
"8945","TELL",61398
"8948","LLNW",1391127
"8951","LCNB",1074902
"8969","FCX",831259
"8971","SGMS",750004
"8977","UMPQ",1077771
"8984","EIX",827052
"8987","LION",822662
"8991","EXPR",1483510
"9008","B",9984
"9017","CLDT",1476045
"9018","PRIM",1361538
"9023","CTIB",1042187
"9025","NPTN",1227025
"9026","ALIM",1267602
"9035","PLOW",1287213
"9059","CCL",815097
"9081","FFIC",923139
"9100","CCGY",1331444
"9112","XONE",1561627
"9117","PLBC",1168455
"9127","RS",861884
"9136","ALT",1326190
"9151","FBNC",811589
"9163","PGTI",1354327
"9168","REGN",872589
"9171","FTNW",1122063
"9181","BEN",38777
"9187","NKE",320187
"9220","WTBA",1166928
"9222","ACAD",1070494
"9234","TRN",99780
"9239","EZPW",876523
"9240","TTI",844965
"9242","DVN",1090012
"9251","CTO",23795
"9280","GGLR",896726
"9282","TCBI",1077428
"9287","LSBK",1341318
"9290","AIG",5272
"9310","CBU",723188
"9313","AET",1122304
"9355","URBN",912615
"9380","CBM",820081
"9399","SEB",88121
"9400","UBFO",1137547
"9434","CVI",1376139
"9444","CHSP",1473078
"9534","HWKN",46250
"9571","FCAP",1070296
"9572","NC",789933
"9602","GAIN",1321741
"9607","HEP",1283140
"9609","LUNA",1239819
"9616","TECD",790703
"9617","HOFT",1077688
"9623","KIRK",1056285
"9635","CRZO",1040593
"9637","THO",730263
"9640","ICFI",1362004
"9646","FL",850209
"9652","MPWR",1280452
"9655","CZWI",1273805
"9665","DISCA",1437107
"9674","CSX",277948
"9690","NKTR",906709
"9708","OLED",1005284
"9720","ENLK",1179060
"9736","ASYS",720500
"9739","QNST",1117297
"9740","FIX",1035983
"9747","IDT",1005731
"9770","SOHU",1104188
"9772","TA",1378453
"9777","CRMT",799850
"9794","FHN",36966
"9797","TG",850429
"9836","ALV",1034670
"9848","AUSI",826253
"9862","HMN",850141
"9912","XCRA",357020
"9913","AM",1598968
"9922","HAIN",910406
"9927","SEM",1320414
"9931","TERP",1599947
"9947","AMCF",1469606
"9954","BR",1383312
"9958","ESL",33619
"9962","OPOF",740971
"9981","FTNT",1262039
"9982","HE",354707
"9986","DKS",1089063
"9987","ELON",31347
"9992","STON",1286131
"10004","NPHC",1119643
"10005","GPRC",1425715
"10011","PRFT",1085869
"10017","LHO",1053532
"10021","STX",1137789
"10032","ENSG",1125376
"10058","LAND",1495240
"10062","ROIC",1407623
"10094","VCYT",1384101
"10104","DG",29534
"10108","FIZZ",69891
"10109","SLRC",1418076
"10110","ENG",933738
"10118","IPI",1421461
"10125","CAH",721371
"10129","WSCI",104897
"10136","SBAC",1034054
"10138","DIS",1001039
"10149","WGP",1423902
"10150","WES",1414475
"10152","EDMC",880059
"10168","SNMX",1123979
"10171","ICE",1174746
"10175","ECHO",1426945
"10183","IRDM",1418819
"10188","AFCB",1472093
"10189","CYS",1396446
"10213","OHI",888491
"10231","ARI",1467760
"10270","OMER",1285819
"10290","SPG",1063761
"10315","FRBK",834285
"10322","BAX",10456
"10330","TSBK",1046050
"10335","INSG",1022652
"10337","FTEK",846913
"10351","XEL",72903
"10352","CVV",766792
"10355","HELE",916789
"10358","EXP",918646
"10364","BTX",876343
"10374","TORM",842295
"10379","ASRV",707605
"10394","ICON",857737
"10410","POR",784977
"10419","GSM",1383571
"10421","CPTP",202947
"10444","FBP",1057706
"10448","SYY",96021
"10453","LCUT",874396
"10476","FINL",886137
"10488","BSPM",1418133
"10501","AOI",939930
"10504","SENEB",88948
"10508","PKD",76321
"10526","SCG",754737
"10527","NVAX",1000694
"10533","INIS",1038277
"10535","LIME",1065860
"10536","GOOG",1288776
"10538","PICO",830122
"10542","SPHS",1563855
"10545","AXS",1214816
"10556","AMCO",1410711
"10557","OGEN",1174940
"10558","ANAT",904163
"10565","RL",1037038
"10597","DNR",945764
"10615","SMDM",923601
"10621","AGO",1273813
"10647","MDGL",1157601
"10664","NCI",1019737
"10666","AKRX",3116
"10677","GFED",1046203
"10678","IAC",891103
"10683","LULU",1397187
"10693","ED",1047862
"10694","CNET",1376321
"10725","MOSY",890394
"10737","GBLI",1494904
"10738","RWT",930236
"10761","WLDN",1370450
"10770","WIRE",850460
"10779","DGLY",1342958
"10788","UTGN",832480
"10795","UVV",102037
"10797","LSCC",855658
"10798","L",60086
"10801","STRI",1473597
"10811","NYNY",906780
"10812","GIII",821002
"10816","LNDC",1005286
"10822","CNK",1385280
"10854","AHT",1232582
"10862","INO",1055726
"10880","OIS",1121484
"10886","USRM",1388319
"10890","VLGEA",103595
"10893","TWI",899751
"10909","SGA",886136
"10923","VSBN",1225874
"10940","SYPR",864240
"10954","KOP",1315257
"10995","PSSR",225628
"11016","BYD",906553
"11025","ESCA",33488
"11033","WTI",1288403
"11039","YORW",108985
"11042","PGRE",1605607
"11065","PEIX",778164
"11074","SPXC",88205
"11089","BMI",9092
"11098","OPK",944809
"11124","UHT",798783
"11135","TLF",909724
"11150","KOOL",811212
"11155","CNO",1224608
"11161","FBER",1052257
"11169","IRBT",1159167
"11178","MHLD",1412100
"11184","IRIX",1006045
"11201","AMTX",738214
"11202","EE",31978
"11211","FNHC",1069996
"11243","PDCE",77877
"11246","NEN",746514
"11294","FR",921825
"11300","PRPH",868278
"11309","CNDT",1677703
"11310","ENZ",316253
"11311","CZFC",1073475
"11326","WHLM",1013706
"11331","WTM",776867
"11337","MATW",63296
"11353","HRTX",818033
"11359","HTH",1265131
"11374","SUI",912593
"11375","ABMD",815094
"11380","PLPC",80035
"11409","DIN",49754
"11428","JFBC",874495
"11433","FII",1056288
"11436","UTSI",1030471
"11446","HVT",216085
"11447","RHI",315213
"11453","ETN",31277
"11500","NCR",70866
"11506","VSEC",102752
"11508","ABIO",907654
"11531","AROPQ",1168213
"11532","HARL",1107160
"11557","AXDX",727207
"11559","YTEN",1121702
"11563","BEAT",1113784
"11565","BRO",79282
"11578","WERN",793074
"11592","BPI",1305323
"11609","ARTW",7623
"11612","HESM",1619739
"11637","CMG",1058090
"11647","CMT",1026655
"11662","SNMP",1362705
"11678","FLWS",1084869
"11682","MCHP",827054
"11706","SSD",920371
"11740","ESTE",10254
"11742","ALBO",1322505
"11747","VRTS",883237
"11751","MMRF",1285701
"11761","CVGI",1290900
"11762","XRAY",818479
"11787","CASY",726958
"11802","DXR",27367
"11813","SEP",1394074
"11814","SWM",1000623
"11849","ORCL",1341439
"11856","SMCI",1375365
"11912","AAWW",1135185
"11932","LOPE",1434588
"11993","KEM",887730
"12021","GPIC",918580
"12048","DLX",27996
"12064","CPST",1009759
"12080","HSGX",1372299
"12098","WWD",108312
"12099","KEG",318996
"12103","HAYN",858655
"12114","HBCP",1436425
"12131","WHR",106640
"12138","LIWA",1399521
"12139","BSTC",875622
"12141","CRWS",25895
"12161","MHH",1437226
"12167","CGA",857949
"12219","LXP",910108
"12230","PRGO",820096
"12237","FNMA",310522
"12246","FRT",34903
"12251","WINA",908315
"12258","DEER",1388855
"12261","CNND",759458
"12276","ESPH",1071760
"12280","SBH",1368458
"12281","KMB",55785
"12295","CTSO",1175151
"12296","NWE",73088
"12298","CGCO",109757
"12329","PFG",1126328
"12361","RDN",890926
"12370","ASCMA",1437106
"12390","FOR",1406587
"12419","XL",875159
"12421","ES",72741
"12428","USNA",896264
"12429","TDW",98222
"12432","GILD",882095
"12452","CEAI",1203900
"12456","KVHI",1007587
"12487","ILG",1434620
"12514","NBN",811831
"12525","UOLI",1081834
"12540","CCFN",731122
"12563","EQT",33213
"12567","PTBS",925173
"12587","EBSB",1411974
"12594","CENX",949157
"12610","LYV",1335258
"12612","PIR",278130
"12628","BC",14930
"12640","ZGNX",1375151
"12662","NASB",1059131
"12674","ARDM",1013238
"12716","CARV",1016178
"12717","RYFL",784539
"12738","SPGZ",895516
"12759","AGEN",1098972
"12773","RMCF",785815
"12782","ARQL",1019695
"12786","CYCC",1130166
"12787","ADTN",926282
"12794","DIOD",29002
"12813","WSBC",203596
"12816","PCG",1004980
"12831","SCCO",1001838
"12841","VALV",1327364
"12842","CRMZ",315958
"12848","ECOL",742126
"12858","SEIC",350894
"12869","VRX",930184
"12874","ESIO",726514
"12880","CBT",16040
"12903","KEYW",1487101
"12905","TDS",1051512
"12909","WWW",110471
"12913","SAUC",1394156
"12933","AMSC",880807
"12968","ICAD",749660
"13050","RGR",95029
"13090","MPAD",65759
"13092","DBD",28823
"13096","FOE",35214
"13120","BABY",878526
"13122","CASS",708781
"13126","KR",56873
"13136","SNA",91440
"13138","CIA",24090
"13166","BNCL",1378020
"13177","TIS",1324189
"13199","BMNM",1275477
"13216","RHE",1004724
"13228","GLT",41719
"13233","VRSN",1014473
"13251","MLAB",724004
"13272","CQP",1383650
"13283","FRD",39092
"13284","INAP",1056386
"13286","AYI",1144215
"13288","NRP",1171486
"13297","STE",815065
"13360","SCS",1050825
"13380","MFCO",716688
"13399","WABC",311094
"13406","ABCP",20639
"13407","GHL",1282977
"13418","CLDX",744218
"13426","LTTC",350644
"13447","TPH",1561680
"13458","ZIOP",1107421
"13463","USLM",82020
"13468","HCCI",1403431
"13516","WMT",104169
"13532","IMCI",884650
"13553","HZNM",1526726
"13581","CSII",1180145
"13594","MGLN",19411
"13601","LARK",1141688
"13622","PES",320575
"13633","WRB",11544
"13636","AIRO",1105542
"13637","PSMT",1041803
"13640","FLR",1124198
"13642","GS",886982
"13682","NNI",1258602
"13720","GGG",42888
"13726","NEP",1603145
"13736","IMH",1000298
"13752","TEUM",1084384
"13760","AMFC",915393
"13776","CTS",26058
"13779","BZH",915840
"13786","XPO",1166003
"13798","SVT",89140
"13813","WUHN",842694
"13830","ADES",1223112
"13844","HNRG",788965
"13851","AIT",109563
"13854","BBEPQ",1357371
"13892","CTAS",723254
"13905","SBPH",1566373
"13919","IEP",813762
"13931","IPAR",822663
"13934","CNBZ",779125
"13966","MCY",64996
"14005","TNC",97134
"14045","QCCO",1289505
"14070","PHLI",1000278
"14071","NLST",1282631
"14105","PARS",713275
"14106","CHCR",22872
"14120","CCK",1219601
"14238","INTX",1095277
"14245","SMED",898770
"14250","NSM",1520566
"14259","CNBKA",812348
"14260","LSTR",853816
"14283","FKYS",737875
"14287","NWSA",1308161
"14301","CAAS",1157762
"14319","CNP",1130310
"14326","WSCC",924095
"14331","ORN",1402829
"14345","AFFY",1158223
"14349","RIGL",1034842
"14367","GPOR",874499
"14389","BXP",1037540
"14403","ROX",1311538
"14430","MTEM",1183765
"14451","NR",71829
"14463","AIMC",1374535
"14465","OZM",1403256
"14496","RBCN",1410172
"14511","NANX",883107
"14521","EV",350797
"14525","DTV",944868
"14529","EMIS",805326
"14532","GCBC",1070524
"14534","PKBK",1315399
"14539","COHN",1270436
"14540","APEI",1201792
"14550","CTRE",1590717
"14597","ISRL",719209
"14609","MNR",67625
"14618","ACCO",712034
"14632","AEIS",927003
"14656","NSSC",69633
"14666","CCE",804055
"14686","MHTX",1099132
"14701","MYRX",1459450
"14704","MYGN",899923
"14740","AIMT",1631650
"14743","PRTS",1378950
"14814","FABK",1404306
"14821","GEF",43920
"14828","SBSAA",927720
"14840","ULTA",1403568
"14844","CPLA",1104349
"14850","GLCH",782842
"14871","BMS",11199
"14873","KERX",1114220
"14952","MEI",65270
"14958","USPH",885978
"14967","TTNP",910267
"14972","PRCP",887226
"14976","TVTV",1009624
"14996","RELV",768710
"15002","AXE",52795
"15012","SPWR",867773
"15037","STLD",1022671
"15098","NWY",1211351
"15141","PTSC",836564
"15148","CNAT",1383701
"15158","TCP",1075607
"15199","NFBK",1401700
"15223","HCKT",1057379
"15238","VSTO",1616318
"15252","PCYO",276720
"15287","DCTH",872912
"15358","FOSL",883569
"15370","ACTG",934549
"15375","NWPX",1001385
"15414","PTSI",798287
"15444","MXWL",319815
"15446","UAHC",867963
"15462","OPTI",899297
"15463","JCTCF",885307
"15477","VASO",839087
"15486","LBAI",846901
"15492","QDEL",353569
"15498","GBL",1060349
"15562","POOL",945841
"15569","HL",719413
"15740","DLA",1101396
"15798","ATRI",701288
"15802","IMAX",921582
"15826","CPRX",1369568
"15829","ATHX",1368148
"15881","HLT",1585689
"15897","BDCO",793306
"15907","SRMC",100625
"15983","GTIM",825324
"16004","LUK",96223
"16025","CZBT",1277254
"16037","IICN",1337615
"16048","BCRH",1582086
"16049","CADC",1392363
"16065","NOG",1104485
"16101","MANT",892537
"16109","CAI",1388430
"16140","CDE",215466
"16148","FELE",38725
"16153","CHBH",887149
"16165","ZEUS",917470
"16195","ALN",1117057
"16207","AWX",1061069
"16213","BMRA",73290
"16272","COLB",887343
"16278","TWER",1349437
"16312","CIZN",1075706
"16328","AKVA",1191359
"16332","CRS",17843
"16344","PDM",1042776
"16363","LUB",16099
"16378","CTEK",1011432
"16379","LAWS",703604
"16391","WYN",1361658
"16413","PNNT",1383414
"16466","MNAP",1074447
"16510","TPC",77543
"16526","FNBG",1163199
"16544","MVC",1099941
"16562","SAR",1377936
"16582","IHC",701869
"16595","PERY",900349
"16596","UFPT",914156
"16612","SIFI",1500213
"16616","ARL",1102238
"16617","TCI",733590
"16636","DECK",910521
"16647","GSIT",1126741
"16666","HIW",921082
"16698","PFIN",75340
"16699","BGFV",1156388
"16707","STL",93451
"16723","BKJ",1390312
"16750","CMCSA",1166691
"16814","CASM",764579
"16830","CNXN",1050377
"16861","ACFC",1284077
"16931","UTMD",706698
"16957","AHGP",1344980
"16960","LTM",1076195
"16962","NTII",918112
"16977","TRMK",36146
"16982","CLCT",1089143
"17005","SAFM",812128
"17006","IIIN",764401
"17090","AYR",1362988
"17105","DO",949039
"17109","VAR",203527
"17113","BLDR",1316835
"17139","MFNC",36506
"17148","NCMI",1377630
"17164","INRD",719494
"17165","MRK",64978
"17212","GEOR",1116927
"17254","LOGQ",768216
"17336","CDZI",727273
"17384","ORIT",1483195
"17402","BMTC",802681
"17428","WK",1445305
"17439","PCGR",725460
"17542","WSBF",1329517
"17570","GDP",943861
"17591","LGCY",1358831
"17596","NGS",1084991
"17625","NBTB",790359
"17630","FBSI",912967
"17632","MSBF",1374783
"17671","BHE",863436
"17709","HSII",1066605
"17722","AE",2178
"17732","JKHY",779152
"17761","ANIK",898437
"17771","RXII",1533040
"17775","BERK",759718
"17812","VRNT",1166388
"17884","TTEN",1532750
"17898","DRRX",1082038
"17936","CTIC",891293
"17945","RSLS",1371217
"17956","BBSI",902791
"18017","CLGX",36047
"18053","SYCRF",1358164
"18060","LTRE",1002037
"18083","HDNG",313716
"18136","THS",1320695
"18165","NIMU",720762
"18233","FBPI",1074543
"18240","NECB",1354772
"18261","CRAI",1053706
"18281","NRT",72633
"18286","KCAP",1372807
"18325","DEI",1364250
"18532","OSUR",1116463
"18570","WYNN",1174922
"18582","CERS",1020214
"18598","GENC",64472
"18606","ATCV",1157758
"18613","AWI",7431
"18665","APLP",1367064
"18686","ALKS",874663
"18690","VGZ",783324
"18697","NEWM",1579684
"18725","CMTL",23197
"18743","KED",1363890
"18762","OFSI",1362599
"18773","HLX",866829
"18804","COWN",1355007
"18807","MKTX",1278021
"18821","SRCH",1084226
"18847","ASMB",1426800
"18858","IIN",88790
"18868","GSBC",854560
"18919","ATMS",1062128
"18927","MRTI",748580
"18974","LZB",57131
"18984","SMP",93389
"19048","PSEC",1287032
"19081","SMLP",1549922
"19110","MORN",1289419
"19118","MDR",708819
"19140","LTBR",1084554
"19147","UTHR",1082554
"19155","IVC",742112
"19157","CAMP",730255
"19186","ARLP",1086600
"19210","ALSK",1089511
"19224","ITIC",720858
"19225","STMP",1082923
"19228","QEPC",1017815
"19231","OFC",860546
"19269","SOHO",1301236
"19276","PEYE",867840
"19278","AXON",1636050
"19286","GTLS",892553
"19305","CUBE",1298675
"19437","PARD",755806
"19463","LXRX",1062822
"19467","WVVI",838875
"19558","GBLX",1165320
"19562","CMO",766701
"19587","BKE",885245
"19631","JBL",898293
"19726","TESS",927355
"19824","FWRD",912728
"19834","AMT",1053507
"19843","GENE",356830
"19865","FBMS",947559
"19934","GGP",895648
"19963","STRZ",1043156
"20129","CMFO",1099977
"20160","CVCY",1127371
"20247","MDC",773141
"20250","CNSL",1304421
"20252","ROP",882835
"20263","DNP",806628
"20278","SGU",1002590
"20386","SMIT",922612
"20397","WAFD",936528
"20398","SCON",895665
"20402","FCE-A",38067
"20438","NEWT",1094019
"20440","MSN",32621
"20450","BNCC",945434
"20475","CZFS",739421
"20484","OFLX",1317945
"20503","CRVS",1626971
"20556","ELS",895417
"20581","HIVE",1372414
"20598","HURN",1289848
"20637","SAH",1043509
"20649","MDCA",876883
"20671","RLGY",1398987
"20709","HAUP",930803
"20815","NIHD",1037016
"20838","HOS",1131227
"20839","FONR",355019
"20851","NVIC",904896
"20854","CAKE",887596
"20870","ROLL",1324948
"20872","SANW",880116
"20887","TRHC",1651561
"20901","MHO",799292
"20985","WGNR",715073
"21016","UCBA",1344970
"21022","BDL",12040
"21075","MSB",65172
"21107","DLB",1308547
"21148","AXSM",1579428
"21149","JCP",1166126
"21163","VLO",1035002
"21201","NVEC",724910
"21300","IPCC",1195933
"21314","CULP",723603
"21362","ESRX",885721
"21450","MFSF",1094810
"21501","APT",884269
"21539","DY",67215
"21599","JOUT",788329
"21619","PPIH",914122
"21620","BH",93859
"21644","IGT",353944
"21783","GES",912463
"21786","MMLP",1176334
"21795","TECH",842023
"21863","SEED",1321851
"21917","SWKS",4127
"21930","CCRN",1141103
"21986","APRI",1017491
"22000","BK",9626
"22014","ONP",1358190
"22016","NPK",80172
"22019","NTCT",1078075
"22055","CDMO",704562
"22062","TPL",97517
"22067","JXSB",1172097
"22089","AMBK",1163747
"22133","AMTY",945828
"22146","MTZ",15615
"22168","NWBO",1072379
"22253","IRTC",1388658
"22302","FIRT",1129847
"22310","LAYN",888504
"22531","RRGB",1171759
"22537","CFFN",1074433
"22582","RNWK",1046327
"22636","MGYR",1337068
"22684","PRTX",1099215
"22708","HIBB",1017480
"22715","OBCI",350737
"22742","MDP",65011
"22746","ECOS",1290506
"22761","CVCO",278166
"22767","LANC",57515
"22777","JVA",1007019
"22800","HT",1063344
"22910","AAMC",1555074
"22972","CCFH",943033
"23014","NBR",1163739
"23053","GNK",1326200
"23110","MGEE",1161728
"23112","PARR",821483
"23120","CKX",352955
"23134","MCS",62234
"23148","MOV",72573
"23185","JERT",1294017
"23207","BCPC",9326
"23342","AEGG",843212
"23358","PGNX",835887
"23372","ATRS",1016169
"23412","NHC",1047335
"23445","ANH",1047884
"23449","UTL",755001
"23473","TCO",890319
"23503","YUMA",81318
"23520","TBI",768899
"23533","OPY",791963
"23575","KOPN",771266
"23588","REX",744187
"23627","KREF",1631596
"23642","LEE",58361
"23652","LPT",921112
"23729","TR",98677
"23741","LAMR",1090425
"23756","CEVA",1173489
"23814","OMBP",1389870
"23839","FEIM",39020
"23916","PTN",911216
"23917","SNX",1177394
"23938","ACN",1134538
"24020","UBNK",1319572
"24085","VDSI",1044777
"24093","BUKS",15847
"24125","DMRC",1089443
"24130","RGRX",707511
"24158","CALM",16160
"24229","SVRA",1160308
"24337","RICK",935419
"24430","RVP",946563
"24431","AXTI",1051627
"24451","DEWY",28561
"24458","AGNU",105608
"24479","CERN",804753
"24497","MNST",865752
"24556","HNI",48287
"24587","CAW",721447
"24616","GCP",1644440
"24619","PDFS",1120914
"24622","DRH",1298946
"24626","STRT",933034
"24676","CZBS",356276
"24699","NX",276889
"24701","KFFB",1297341
"24762","DTRK",886530
"24855","RIG",1083269
"24909","CEQP",1136352
"24910","TAIT",942126
"24995","ULH",1308208
"25002","RNN",1228627
"25033","TLCVF",1010610
"25048","PSA",318380
"25076","FRPH",844059
"25081","ODMO",1292026
"25096","POPE",784011
"25125","CCOM",21828
"25156","APH",820313
"25360","IMMU",722830
"25477","ECTE",1031927
"25497","ATGN",1003607
"25499","SOMC",703699
"25527","WEYS",106532
"25579","MKTY",64463
"25608","ICTSF",1010134
"25706","PRK",805676
"25764","SLG",1040971
"25809","ASTC",1001907
"25872","INTT",1036262
"25933","RCKY",895456
"26073","AOLS",1261734
"26075","AVHI",39677
"26220","NAII",787253
"26235","ADMP",887247
"26237","BBW",1113809
"26249","REV",887921
"26314","EXAS",1124140
"26358","KRNY",1295664
"26369","DYSL",30831
"26376","GTXI",1260990
"26414","GNBT",1059784
"26427","KSS",885639
"26428","VICL",819050
"26492","FSCR",34908
"26602","AVGR",1506928
"26767","TSRO",1491576
"26768","BECN",1124941
"26812","VUOC",906448
"26868","UUU",102109
"26875","ARKR",779544
"26893","NTWK",1039280
"27039","KRG",1286043
"27050","CINR",1575051
"27105","HOME",1283858
"27209","AGN",850693
"27330","SNFCA",318673
"27342","LMRK",1615346
"27378","CYTR",799698
"27400","NURO",1289850
"27468","ACY",1036848
"27491","TIK",96885
"27504","JAKK",1009829
"27576","CORT",1088856
"27577","AIVN",5656
"27668","MLP",63330
"27706","NATH",69733
"27766","DVLN",215639
"27773","NYMT",1273685
"27872","MOC",864509
"27877","CNAF",866054
"27916","BDMS",948072
"28090","IFON",1274032
"28180","ARDX",1437402
"28209","EVI",65312
"28217","OSG",75208
"28294","CUZ",25232
"28490","CSPI",356037
"28564","AT",65873
"28636","CTWS",276209
"28705","RAND",81955
"28741","CMP",1227654
"28744","RIOT",1167419
"28748","LWAY",814586
"28771","VSPC",1270200
"28811","OKE",1039684
"28821","PKOH",76282
"28853","ITI",350868
"28915","CIEN",936395
"29053","PEBK",1093672
"29172","UAN",1425292
"29185","TMED",357001
"29265","ELSE",351789
"29268","CHE",19584
"29292","SGRP",1004989
"29432","XPL",917225
"29499","IEVM",1084031
"29537","VGR",59440
"29542","PVCT",315545
"29577","CHFN",1136796
"29585","USAC",1522727
"29677","GTY",1052752
"29737","AP",6176
"29861","EGLE",1322439
"29882","AXPW",1028153
"30016","CAPS",887151
"30077","HUBG",940942
"30084","GLUX",914397
"30180","RMBS",917273
"30308","MITT",1514281
"30401","FUTU",1552845
"30488","TGEN",1537435
"30499","OTTR",75129
"30532","AXLE",1002577
"30621","PTI",1445283
"30622","IMDZ",1437786
"30693","MITL",1170534
"30699","GBR",105744
"30816","PCH",79716
"30849","BBX",921768
"31038","CORI",1594337
"31055","CNIG",24751
"31074","OMED",1302573
"31103","COGLF",1061288
"31146","SATS",1415404
"31181","DEST",896985
"31337","MLM",916076
"31409","TRK",934648
"31446","ARII",1344596
"31512","VVC",1096385
"31619","VMC",103973
"31685","BBBY",886158
"31692","BXG",778946
"31751","EXEL",939767
"31760","ERMS",1110361
"31835","MTN",812011
"31852","SPB",1028985
"32024","PETS",1040130
"32057","AHPI",874710
"32358","EDUC",31667
"32365","HKNI",313478
"32601","ESMC",862668
"32602","ALAN",98618
"32683","SBGI",912752
"32687","SPIR",731657
"32727","HTLD",799233
"32751","BABB",1123596
"32924","DLOV",746967
"32957","RCMT",700841
"32982","KCLI",54473
"33096","NIDB",942898
"33139","CNA",21175
"33190","LTFD",931683
"33198","INVI",719152
"33407","LINK",828146
"33535","MIND",926423
"33550","JAX",1617227
"33602","JAGX",1585608
"33624","VALU",717720
"33652","PLD",899881
"33947","MRTN",799167
"34044","WDFC",105132
"34266","BRKR",1109354
"34376","PTIE",1069530
"34481","TGC",1001614
"34816","EGP",49600
"34820","KIM",879101
"35075","NSEC",865058
"35190","SRNN",946453
"35280","DZSI",1101680
"35319","III",1371489
"35446","SINA",1094005
"35501","PCLB",1022243
"35564","NOV",1021860
"35571","IHT",82473
"35655","OTIC",1493566
"35672","NRCIA",70487
"35678","BBGI",1099160
"35721","SSY",96793
"35950","TRT",732026
"36007","VNO",899689
"36079","PRMW",1365101
"36241","ALX",3499
"36687","IGOI",1075656
"37069","NWYF",1041753
"37142","SMRT",884940
"37394","SYX",945114
"37405","GPK",886239
"37770","ESPR",1066745
"37916","FFDF",1006177
"38104","LBRDA",1611983
"38167","FCFS",840489
"38173","PAHC",1069899
"38280","SVBI",868271
"38323","INTZ",736012
"38566","DHCC",844887
"38661","MRVL",1058057
"38872","BELFB",729580
"38975","ALGI",8855
"39079","TCCO",96699
"39178","MBOT",883975
"39201","SIEB",65596
"39314","RGCO",1069533
"39390","GDEN",1071255
"39405","LORL",1006269
"39750","BRT",14846
"40386","GRC",42682
"40810","HMGN",892822
"40818","VSH",103730
"40880","BIOS",1014739
"41847","WMLP",1412347
"41958","KSBI",912764
"42928","AI",1209028
"43023","HOLL",912544
"43116","KMI",54502
"43358","OAK",1403528
"43479","FCNCA",798941
"43788","CPSH",814676
"44153","ALSE",94784
"44244","ROCK",912562
"44282","EVV",1222922
"44371","CO",1467808
"44450","SVA",1084201
"44854","ACU",2098
"45045","COKE",317540
"45153","ABKI",1400000
"45245","POWL",80420
"45804","CYBE",768411
"46484","DARE",1401914
"46664","FNF",809398
"47062","PNBI",1113026
"47271","CIVI",1608638
"47522","ESE",866706
"47711","IR",1160497
"47719","HCOM",1487986
"47897","FCCG",1048566
"48272","NE",1169055
"48292","CMPD",700998
"48376","BMBN",804563
"48521","ESCC",276283
"48652","AAME",8177
"48905","AJSB",1144515
"49354","ROFO",828064
"49480","DERM",1557883
"49549","BWEN",1120370
"50415","NULM",71557
"51018","RNVA",931059
"51274","DDE",1162556
"51539","ARRY",1100412
"51862","NWBI",1042064
"51961","TWOC",914577
"52247","AXR",6207
"52386","UBCP",731653
"52960","ATLS",1347218
"53351","PETX",1509190
"53366","APAM",1517302
"53651","SXT",310142
"53970","CGNX",851205
"54111","LPTH",889971
"54587","BRBI",1055870
"55183","T",5907
"56140","PHII",350403
"57552","IDCC",354913
"58009","SCKT",944075
"58246","OVBC",894671
"58740","UG",101295
"58855","WRI",828916
"59670","FIT",1447599
"59701","LPNT",1074772
"59799","NH",1566469
"59963","WFT",1170565
"60308","VHI",59255
"60325","CIX",1049606
"60327","NL",72162
"60661","RRD",29669
"60705","NOBH",72205
"60965","VLP",1583103
"60966","TLP",1319229
"61559","PAGP",1581990
"61870","AC",1642122
"61871","LICT",1088771
"62019","EVG",353943
"62542","EQM",1540947
"63863","HGT",862022
"63870","CRT",881787
"64475","SXCP",1555538
"65261","FCB",1476651
"65562","PRTY",1592058
"65634","TIXC",925956
"65986","DIT",928465
"66494","BNET",875729
"66762","LOAN",1080340
"66886","DM",1603286
"67402","DAAT",1102750
"67680","RGSE",1425565
"67826","THM",1134115
"67929","MERC",75659
"67969","SKVI",1085277
"68037","IDSY",49615
"68038","ITKG",1018281
"68107","WPRT",1370416
"68131","ITEX",860518
"68263","RES",742278
"68480","YRCW",716006
"68562","AXRX",45621
"68647","INN",1497645
"68876","PTGX",1377121
"69209","FSI",1069394
"69387","SEAS",1564902
"69400","PRKR",914139
"69419","ACUR",786947
"69660","WISH",1279715
"69995","ALJJ",1438731
"70373","NAVI",1593538
"70672","PAYD",1017655
"71708","CFG",759944
"71913","TOMZ",314227
"73864","BLMT",830257
"74173","PCOM",1204413
"74528","HABT",1617977
"75052","SPCO",94056
"75436","STDY",1619087
"75717","MGEN",1590750
"76648","AAIR",1303849
"77095","BKI",1627014
"77414","ESGR",55820
"77550","SOI",1697500
"77554","BHVN",1689813
"77559","FND",1507079
"77560","CADE",1614184
"77562","CVNA",1690820
"77586","HLNE",1433642
"77594","PJT",1626115
"77598","GPRO",1500435
"77600","JELD",1674335
"77605","REVG",1687221
"77607","VREX",1681622
"77617","METC",1687187
"77676","TUSK",1679268
"77682","VSM",1660690
"77688","MRT",1616314
"77690","RILY",1464790
"77702","FLGT",1674930
"77706","ELF",1600033
"77710","NBLX",1647513
"77713","CWH",1669779
"77805","USFD",1665918
"77811","GMS",1600438
"77841","COTV",1657197
"77842","TPB",1290677
"77863","MGP",1656936
"77868","SITE",1650729
"77885","FTV",1659166
"77932","SINO",1422892
"77960","AVXS",1652923
"78041","RWLK",1607962
"78091","ACIA",1651235
"78136","ADSW",1585790
"78199","TCON",1394319
"78275","BNED",1634117
"78350","RUN",1469367
"78368","BUFF",1609989
"78394","SKY",90896
"78557","LADR",1577670
"78575","BOJA",1630132
"78581","UE",1611547
"78715","NYLD",1567683
"78808","DEA",1622194
"78823","BOOT",1610250
"79049","RMP",1620928
"79085","NCOM",1609951
"79128","APDN",744452
"79157","TBK",1539638
"79208","HYH",1606498
"79229","GWB",1613665
"79413","SUN",1552275
"79531","LOCO",1606366
"79571","SFS",1563407
"79753","WRD",1681714
"79764","CBPX",1592480
"79807","SABR",1597033
"79874","TBPH",1583107
"79975","ARES",1176948
"80020","EVA",1592057
"80066","ALDX",1341235
"80610","SNDX",1395937
"80653","GPP",1635650
"80808","EBIO",1485003
"81106","CCCR",1556266
"81218","PSXP",1572910
"81233","JNCE",1640455
"81520","EARN",1560672
"82144","KNDI",1316517
"82701","ASIX",1673985
"82955","NBRV",1641640
"82982","NRTI",72170
"83352","RLBY",34285
"83511","ANDX",1507615
"84556","UNAM",100716
"85003","INVH",1687229
"86389","EFC",1411342
"86654","KGJI",1089531
"86964","IVOB",1417926
"86976","LTUS",1292087
"88084","PZN",1399249
"88621","REN",1469510
"88630","ESRT",1541401
"89231","BWP",1336047
"89933","THTI",1375686
"89969","CCO",1334978
"90529","CVAT",1376793
"90934","XBOR",1373485
"90954","CNIT",1350684
"91024","CALI",1355042
"91754","FMCC",1026214
"91824","CNCT",1346287
"91864","CCGM",1287668
"91950","XHR",1616000
"92549","PWVI",933972
"93360","KEYS",1601046
"97291","CPSL",1044577
"98624","CLVS",1466301
"100089","AVXL",1314052
"102650","BXLC",1023714
"103392","CHCT",1631569
"103949","DYAI",1213809
"104148","SRC",1277406
"105801","ARHN",812482
"107676","BRID",14177
"113192","HCC",1691303
"113355","ICHR",1652535
"118940","SNH",1075415
"121327","NGVT",1653477
"121860","ABMC",896747
"124597","CPHI",1106644
"133893","GDI",1699150
"134711","NVTR",1648893
"135884","RAFI",99249
"151851","VODG",793171
"152506","MLER",871344
"153565","HYGS",1119985
"160932","PNRG",56868
"163121","DJCO",783412
